time_s,altitude_m,velocity_ms,mass_kg,fuel_kg,theta_rad,alpha_rad
0,300,83.3333,155000,0,0.0174444,0.0697778
0.1,300.145,83.5981,154999,0.797067,0.0126251,0.0697778
0.2,300.251,83.8674,154998,1.59413,0.00786268,0.0697778
0.3,300.317,84.1412,154998,2.3912,0.00315813,0.0697778
0.4,300.343,84.4196,154997,3.18827,-0.00148748,0.0697778
0.5,300.331,84.7023,154996,3.98533,-0.00607314,0.0697778
0.6,300.279,84.9894,154995,4.7824,-0.0105979,0.0697778
0.7,300.189,85.2808,154994,5.57947,-0.0150607,0.0697778
0.8,300.061,85.5765,154994,6.37653,-0.0194609,0.0697778
0.9,299.894,85.8763,154993,7.1736,-0.0237973,0.0697778
1,299.69,86.1801,154992,7.97067,-0.0280694,0.0697778
1.1,299.448,86.4881,154991,8.76773,-0.0322761,0.0697778
1.2,299.169,86.8,154990,9.5648,-0.0364169,0.0697778
1.3,298.853,87.1158,154990,10.3619,-0.0404909,0.0697778
1.4,298.5,87.4354,154989,11.1589,-0.0444974,0.0697778
1.5,298.111,87.7588,154988,11.956,-0.0484358,0.0697778
1.6,297.687,88.0858,154987,12.7531,-0.0523055,0.0697778
1.7,297.226,88.4165,154986,13.5501,-0.0561058,0.0697778
1.8,296.73,88.7508,154986,14.3472,-0.0598362,0.0697778
1.9,296.199,89.0885,154985,15.1443,-0.0634961,0.0697778
2,295.634,89.4296,154984,15.9413,-0.0670851,0.0697778
2.1,295.035,89.774,154983,16.7384,-0.0706026,0.0697778
2.2,294.401,90.1217,154982,17.5355,-0.0740482,0.0697778
2.3,293.735,90.4726,154982,18.3325,-0.0774216,0.0697778
2.4,293.035,90.8266,154981,19.1296,-0.0807223,0.0697778
2.5,292.303,91.1836,154980,19.9267,-0.0839499,0.0697778
2.6,291.538,91.5436,154979,20.7237,-0.0871042,0.0697778
2.7,290.742,91.9065,154978,21.5208,-0.0901848,0.0697778
2.8,289.914,92.2721,154978,22.3179,-0.0931914,0.0697778
2.9,289.055,92.6406,154977,23.1149,-0.0961239,0.0697778
3,288.166,93.0116,154976,23.912,-0.0989819,0.0697778
3.1,287.247,93.3853,154975,24.7091,-0.101765,0.0697778
3.2,286.298,93.7614,154974,25.5061,-0.104474,0.0697778
3.3,285.32,94.14,154974,26.3032,-0.107108,0.0697778
3.4,284.314,94.521,154973,27.1003,-0.109666,0.0697778
3.5,283.28,94.9042,154972,27.8973,-0.11215,0.0697778
3.6,282.217,95.2896,154971,28.6944,-0.114558,0.0697778
3.7,281.128,95.6771,154971,29.4915,-0.116891,0.0697778
3.8,280.012,96.0667,154970,30.2885,-0.119148,0.0697778
3.9,278.87,96.4583,154969,31.0856,-0.121331,0.0697778
4,277.703,96.8518,154968,31.8827,-0.123437,0.0697778
4.1,276.511,97.247,154967,32.6797,-0.125469,0.0697778
4.2,275.294,97.6441,154967,33.4768,-0.127425,0.0697778
4.3,274.053,98.0428,154966,34.2739,-0.129306,0.0697778
4.4,272.788,98.443,154965,35.0709,-0.131112,0.0697778
4.5,271.501,98.8448,154964,35.868,-0.132843,0.0697778
4.6,270.192,99.2481,154963,36.6651,-0.134498,0.0697778
4.7,268.861,99.6527,154963,37.4621,-0.136079,0.0697778
4.8,267.51,100.059,154962,38.2592,-0.137586,0.0697778
4.9,266.137,100.466,154961,39.0563,-0.139017,0.0697778
5,264.745,100.874,154960,39.8533,-0.140375,0.0697778
5.1,263.334,101.283,154959,40.6504,-0.141658,0.0697778
5.2,261.904,101.694,154959,41.4475,-0.142867,0.0697778
5.3,260.456,102.105,154958,42.2445,-0.144002,0.0697778
5.4,258.991,102.517,154957,43.0416,-0.145064,0.0697778
5.5,257.509,102.93,154956,43.8387,-0.146053,0.0697778
5.6,256.011,103.343,154955,44.6357,-0.146968,0.0697778
5.7,254.497,103.758,154955,45.4328,-0.147811,0.0697778
5.8,252.969,104.172,154954,46.2299,-0.148581,0.0697778
5.9,251.427,104.588,154953,47.0269,-0.149279,0.0697778
6,249.872,105.003,154952,47.824,-0.149905,0.0697778
6.1,248.303,105.419,154951,48.6211,-0.150459,0.0697778
6.2,246.723,105.835,154951,49.4181,-0.150942,0.0697778
6.3,245.132,106.252,154950,50.2152,-0.151353,0.0697778
6.4,243.53,106.668,154949,51.0123,-0.151694,0.0697778
6.5,241.918,107.085,154948,51.8093,-0.151965,0.0697778
6.6,240.297,107.502,154947,52.6064,-0.152166,0.0697778
6.7,238.667,107.918,154947,53.4035,-0.152297,0.0697778
6.8,237.03,108.335,154946,54.2005,-0.152358,0.0697778
6.9,235.386,108.751,154945,54.9976,-0.152351,0.0697778
7,233.736,109.167,154944,55.7947,-0.152275,0.0697778
7.1,232.08,109.582,154943,56.5917,-0.152131,0.0697778
7.2,230.419,109.997,154943,57.3888,-0.151919,0.0697778
7.3,228.754,110.412,154942,58.1859,-0.151639,0.0697778
7.4,227.086,110.826,154941,58.9829,-0.151293,0.0697778
7.5,225.416,111.239,154940,59.78,-0.150879,0.0697778
7.6,223.744,111.652,154939,60.5771,-0.1504,0.0697778
7.7,222.071,112.064,154939,61.3741,-0.149855,0.0697778
7.8,220.398,112.475,154938,62.1712,-0.149244,0.0697778
7.9,218.726,112.886,154937,62.9683,-0.148569,0.0697778
8,217.055,113.295,154936,63.7653,-0.147828,0.0697778
8.1,215.386,113.703,154935,64.5624,-0.147024,0.0697778
8.2,213.72,114.111,154935,65.3595,-0.146156,0.0697778
8.3,212.058,114.517,154934,66.1565,-0.145225,0.0697778
8.4,210.401,114.922,154933,66.9536,-0.144231,0.0697778
8.5,208.749,115.326,154932,67.7507,-0.143174,0.0697778
8.6,207.104,115.728,154931,68.5477,-0.142056,0.0697778
8.7,205.465,116.129,154931,69.3448,-0.140876,0.0697778
8.8,203.835,116.529,154930,70.1419,-0.139635,0.0697778
8.9,202.213,116.927,154929,70.9389,-0.138334,0.0697778
9,200.601,117.324,154928,71.736,-0.136972,0.0697778
9.1,198.999,117.719,154927,72.5331,-0.135551,0.0697778
9.2,197.408,118.112,154927,73.3301,-0.134071,0.0697778
9.3,195.829,118.503,154926,74.1272,-0.132532,0.0697778
9.4,194.263,118.893,154925,74.9243,-0.130934,0.0697778
9.5,192.711,119.281,154924,75.7213,-0.129279,0.0697778
9.6,191.173,119.667,154923,76.5184,-0.127567,0.0697778
9.7,189.651,120.051,154923,77.3155,-0.125798,0.0697778
9.8,188.144,120.433,154922,78.1125,-0.123972,0.0697778
9.9,186.655,120.813,154921,78.9096,-0.122091,0.0697778
10,185.184,121.191,154920,79.7067,-0.120155,0.0697778
10.1,183.731,121.567,154919,80.5037,-0.118163,0.0697778
10.2,182.298,121.941,154919,81.3008,-0.116117,0.0697778
10.3,180.885,122.312,154918,82.0979,-0.114018,0.0697778
10.4,179.494,122.681,154917,82.8949,-0.111865,0.0697778
10.5,178.124,123.047,154916,83.692,-0.109659,0.0697778
10.6,176.778,123.411,154916,84.4891,-0.1074,0.0697778
10.7,175.455,123.773,154915,85.2861,-0.10509,0.0697778
10.8,174.156,124.132,154914,86.0832,-0.102728,0.0697778
10.9,172.883,124.489,154913,86.8803,-0.100316,0.0697778
11,171.637,124.843,154912,87.6773,-0.0978525,0.0697778
11.1,170.417,125.194,154912,88.4744,-0.0953396,0.0697778
11.2,169.225,125.542,154911,89.2715,-0.0927772,0.0697778
11.3,168.062,125.888,154910,90.0685,-0.0901659,0.0697778
11.4,166.929,126.231,154909,90.8656,-0.0875063,0.0697778
11.5,165.825,126.571,154908,91.6627,-0.0847987,0.0697778
11.6,164.753,126.908,154908,92.4597,-0.0820438,0.0697778
11.7,163.713,127.242,154907,93.2568,-0.0792419,0.0697778
11.8,162.706,127.573,154906,94.0539,-0.0763937,0.0697778
11.9,161.733,127.901,154905,94.8509,-0.0734997,0.0697778
12,160.793,128.227,154904,95.648,-0.0705603,0.0697778
12.1,159.889,128.548,154904,96.4451,-0.067576,0.0697778
12.2,159.021,128.867,154903,97.2421,-0.0645475,0.0697778
12.3,158.19,129.183,154902,98.0392,-0.0614751,0.0697778
12.4,157.396,129.495,154901,98.8363,-0.0583594,0.0697778
12.5,156.641,129.804,154900,99.6333,-0.0552009,0.0697778
12.6,155.925,130.109,154900,100.43,-0.0520002,0.0697778
12.7,155.249,130.412,154899,101.227,-0.0487577,0.0697778
12.8,154.613,130.71,154898,102.025,-0.045474,0.0697778
12.9,154.019,131.006,154897,102.822,-0.0421496,0.0697778
13,153.467,131.298,154896,103.619,-0.0387849,0.0697778
13.1,152.958,131.586,154896,104.416,-0.0353806,0.0697778
13.2,152.492,131.871,154895,105.213,-0.0319371,0.0697778
13.3,152.071,132.152,154894,106.01,-0.028455,0.0697778
13.4,151.695,132.429,154893,106.807,-0.0249348,0.0697778
13.5,151.365,132.703,154892,107.604,-0.021377,0.0697778
13.6,151.081,132.973,154892,108.401,-0.017782,0.0697778
13.7,150.845,133.239,154891,109.198,-0.0141506,0.0697778
13.8,150.656,133.502,154890,109.995,-0.0104831,0.0697778
13.9,150.516,133.761,154889,110.792,-0.00678004,0.0697778
14,150.426,134.016,154888,111.589,-0.00304203,0.0697778
14.1,150.385,134.267,154888,112.386,0.000730439,0.0697778
14.2,150.395,134.514,154887,113.183,0.00453685,0.0697778
14.3,150.456,134.757,154886,113.981,0.00837669,0.0697778
14.4,150.569,134.996,154885,114.778,0.0122494,0.0697778
14.5,150.734,135.232,154884,115.575,0.0161545,0.0697778
14.6,150.953,135.463,154884,116.372,0.0200915,0.0697778
14.7,151.225,135.69,154883,117.169,0.0240597,0.0697778
14.8,151.551,135.913,154882,117.966,0.0280588,0.0697778
14.9,151.932,136.132,154881,118.763,0.0320881,0.0697778
15,152.369,136.347,154880,119.56,0.0361472,0.0697778
15.1,152.862,136.558,154880,120.357,0.0402355,0.0697778
15.2,153.411,136.764,154879,121.154,0.0443524,0.0697778
15.3,154.018,136.966,154878,121.951,0.0484976,0.0697778
15.4,154.682,137.164,154877,122.748,0.0526704,0.0697778
15.5,155.404,137.358,154876,123.545,0.0568703,0.0697778
15.6,156.184,137.548,154876,124.342,0.0610968,0.0697778
15.7,157.024,137.733,154875,125.139,0.0653494,0.0697778
15.8,157.924,137.914,154874,125.937,0.0696275,0.0697778
15.9,158.883,138.091,154873,126.734,0.0739306,0.0697778
16,159.903,138.263,154872,127.531,0.0782583,0.0697778
16.1,160.984,138.431,154872,128.328,0.0826099,0.0697778
16.2,162.126,138.594,154871,129.125,0.0869849,0.0697778
16.3,163.33,138.754,154870,129.922,0.0913829,0.0697778
16.4,164.597,138.908,154869,130.719,0.0958032,0.0697778
16.5,165.925,139.059,154868,131.516,0.100245,0.0697778
16.6,167.317,139.204,154868,132.313,0.104709,0.0697778
16.7,168.772,139.346,154867,133.11,0.109193,0.0697778
16.8,170.291,139.482,154866,133.907,0.113698,0.0697778
16.9,171.873,139.615,154865,134.704,0.118223,0.0697778
17,173.52,139.743,154864,135.501,0.122766,0.0697778
17.1,175.231,139.866,154864,136.298,0.127329,0.0697778
17.2,177.007,139.985,154863,137.095,0.13191,0.0697778
17.3,178.848,140.099,154862,137.893,0.136508,0.0697778
17.4,180.755,140.209,154861,138.69,0.141124,0.0697778
17.5,182.727,140.314,154861,139.487,0.145756,0.0697778
17.6,184.765,140.414,154860,140.284,0.150404,0.0697778
17.7,186.869,140.51,154859,141.081,0.155068,0.0697778
17.8,189.039,140.602,154858,141.878,0.159747,0.0697778
17.9,191.275,140.688,154857,142.675,0.164441,0.0697778
18,193.579,140.77,154857,143.472,0.169149,0.0697778
18.1,195.948,140.848,154856,144.269,0.17387,0.0697778
18.2,198.385,140.921,154855,145.066,0.178605,0.0697778
18.3,200.888,140.989,154854,145.863,0.183352,0.0697778
18.4,203.459,141.053,154853,146.66,0.188111,0.0697778
18.5,206.097,141.112,154853,147.457,0.192882,0.0697778
18.6,208.802,141.166,154852,148.254,0.197663,0.0697778
18.7,211.574,141.216,154851,149.051,0.202455,0.0697778
18.8,214.413,141.261,154850,149.849,0.207257,0.0697778
18.9,217.32,141.302,154849,150.646,0.212069,0.0697778
19,220.294,141.338,154849,151.443,0.216889,0.0697778
19.1,223.336,141.369,154848,152.24,0.221718,0.0697778
19.2,226.445,141.396,154847,153.037,0.226556,0.0697778
19.3,229.621,141.418,154846,153.834,0.2314,0.0697778
19.4,232.864,141.435,154845,154.631,0.236252,0.0697778
19.5,236.174,141.448,154845,155.428,0.24111,0.0697778
19.6,239.552,141.456,154844,156.225,0.245974,0.0697778
19.7,242.996,141.459,154843,157.022,0.250843,0.0697778
19.8,246.508,141.458,154842,157.819,0.255718,0.0697778
19.9,250.086,141.453,154841,158.616,0.260597,0.0697778
20,253.73,141.442,154841,159.413,0.26548,0.0697778
20.1,257.441,141.427,154840,160.21,0.270366,0.0697778
20.2,261.219,141.408,154839,161.007,0.275256,0.0697778
20.3,265.062,141.384,154838,161.805,0.280148,0.0697778
20.4,268.971,141.355,154837,162.602,0.285042,0.0697778
20.5,272.946,141.322,154837,163.399,0.289938,0.0697778
20.6,276.987,141.284,154836,164.196,0.294835,0.0697778
20.7,281.092,141.242,154835,164.993,0.299733,0.0697778
20.8,285.262,141.195,154834,165.79,0.304631,0.0697778
20.9,289.497,141.144,154833,166.587,0.309528,0.0697778
21,293.797,141.088,154833,167.384,0.314425,0.0697778
21.1,298.16,141.027,154832,168.181,0.31932,0.0697778
21.2,302.587,140.963,154831,168.978,0.324214,0.0697778
21.3,307.078,140.893,154830,169.775,0.329105,0.0697778
21.4,311.632,140.82,154829,170.572,0.333994,0.0697778
21.5,316.248,140.741,154829,171.369,0.338879,0.0697778
21.6,320.927,140.659,154828,172.166,0.343761,0.0697778
21.7,325.667,140.572,154827,172.963,0.348639,0.0697778
21.8,330.469,140.48,154826,173.761,0.353512,0.0697778
21.9,335.333,140.384,154825,174.558,0.358381,0.0697778
22,340.257,140.284,154825,175.355,0.363244,0.0697778
22.1,345.241,140.18,154824,176.152,0.368101,0.0697778
22.2,350.285,140.071,154823,176.949,0.372952,0.0697778
22.3,355.389,139.957,154822,177.746,0.377796,0.0697778
22.4,360.552,139.84,154821,178.543,0.382632,0.0697778
22.5,365.773,139.718,154821,179.34,0.387461,0.0697778
22.6,371.052,139.592,154820,180.137,0.392282,0.0697778
22.7,376.389,139.462,154819,180.934,0.397094,0.0697778
22.8,381.782,139.327,154818,181.731,0.401898,0.0697778
22.9,387.232,139.189,154817,182.528,0.406691,0.0697778
23,392.738,139.046,154817,183.325,0.411475,0.0697778
23.1,398.299,138.899,154816,184.122,0.416249,0.0697778
23.2,403.915,138.748,154815,184.919,0.421012,0.0697778
23.3,409.586,138.592,154814,185.717,0.425763,0.0697778
23.4,415.31,138.433,154813,186.514,0.430503,0.0697778
23.5,421.087,138.27,154813,187.311,0.435231,0.0697778
23.6,426.917,138.102,154812,188.108,0.439947,0.0697778
23.7,432.799,137.931,154811,188.905,0.44465,0.0697778
23.8,438.732,137.755,154810,189.702,0.449339,0.0697778
23.9,444.715,137.576,154810,190.499,0.454014,0.0697778
24,450.749,137.392,154809,191.296,0.458676,0.0697778
24.1,456.832,137.205,154808,192.093,0.463323,0.0697778
24.2,462.964,137.014,154807,192.89,0.467955,0.0697778
24.3,469.144,136.819,154806,193.687,0.472571,0.0697778
24.4,475.372,136.62,154806,194.484,0.477172,0.0697778
24.5,481.646,136.417,154805,195.281,0.481757,0.0697778
24.6,487.967,136.21,154804,196.078,0.486325,0.0697778
24.7,494.333,136,154803,196.875,0.490876,0.0697778
24.8,500.744,135.786,154802,197.673,0.49541,0.0697778
24.9,507.2,135.568,154802,198.47,0.499925,0.0697778
25,513.698,135.347,154801,199.267,0.504423,0.0697778
25.1,520.24,135.122,154800,200.064,0.508902,0.0697778
25.2,526.823,134.893,154799,200.861,0.513362,0.0697778
25.3,533.448,134.661,154798,201.658,0.517803,0.0697778
25.4,540.113,134.425,154798,202.455,0.522224,0.0697778
25.5,546.818,134.186,154797,203.252,0.526625,0.0697778
25.6,553.563,133.943,154796,204.049,0.531005,0.0697778
25.7,560.346,133.696,154795,204.846,0.535365,0.0697778
25.8,567.166,133.446,154794,205.643,0.539703,0.0697778
25.9,574.024,133.193,154794,206.44,0.544019,0.0697778
26,580.917,132.936,154793,207.237,0.548313,0.0697778
26.1,587.847,132.676,154792,208.034,0.552585,0.0697778
26.2,594.811,132.413,154791,208.831,0.556834,0.0697778
26.3,601.809,132.146,154790,209.629,0.56106,0.0697778
26.4,608.84,131.876,154790,210.426,0.565262,0.0697778
26.5,615.904,131.603,154789,211.223,0.569441,0.0697778
26.6,622.999,131.327,154788,212.02,0.573595,0.0697778
26.7,630.126,131.047,154787,212.817,0.577724,0.0697778
26.8,637.283,130.764,154786,213.614,0.581828,0.0697778
26.9,644.469,130.479,154786,214.411,0.585907,0.0697778
27,651.684,130.19,154785,215.208,0.58996,0.0697778
27.1,658.927,129.898,154784,216.005,0.593987,0.0697778
27.2,666.197,129.603,154783,216.802,0.597988,0.0697778
27.3,673.493,129.305,154782,217.599,0.601961,0.0697778
27.4,680.815,129.004,154782,218.396,0.605908,0.0697778
27.5,688.162,128.7,154781,219.193,0.609826,0.0697778
27.6,695.533,128.393,154780,219.99,0.613717,0.0697778
27.7,702.927,128.083,154779,220.787,0.617579,0.0697778
27.8,710.344,127.771,154778,221.585,0.621413,0.0697778
27.9,717.782,127.456,154778,222.382,0.625218,0.0697778
28,725.242,127.138,154777,223.179,0.628993,0.0697778
28.1,732.722,126.817,154776,223.976,0.632738,0.0697778
28.2,740.221,126.494,154775,224.773,0.636454,0.0697778
28.3,747.74,126.167,154774,225.57,0.640138,0.0697778
28.4,755.276,125.839,154774,226.367,0.643792,0.0697778
28.5,762.829,125.507,154773,227.164,0.647415,0.0697778
28.6,770.399,125.173,154772,227.961,0.651006,0.0697778
28.7,777.984,124.837,154771,228.758,0.654565,0.0697778
28.8,785.584,124.498,154770,229.555,0.658092,0.0697778
28.9,793.199,124.157,154770,230.352,0.661587,0.0697778
29,800.826,123.813,154769,231.149,0.665048,0.0697778
29.1,808.467,123.467,154768,231.946,0.668476,0.0697778
29.2,816.119,123.118,154767,232.743,0.67187,0.0697778
29.3,823.783,122.767,154766,233.541,0.675231,0.0697778
29.4,831.457,122.414,154766,234.338,0.678556,0.0697778
29.5,839.14,122.059,154765,235.135,0.681847,0.0697778
29.6,846.833,121.701,154764,235.932,0.685103,0.0697778
29.7,854.533,121.341,154763,236.729,0.688323,0.0697778
29.8,862.241,120.979,154762,237.526,0.691508,0.0697778
29.9,869.956,120.615,154762,238.323,0.694656,0.0697778
30,877.677,120.249,154761,239.12,0.697767,0.0697778
30.1,885.403,119.88,154760,239.917,0.700842,0.0697778
30.2,893.134,119.51,154759,240.714,0.703879,0.0697778
30.3,900.868,119.138,154758,241.511,0.706879,0.0697778
30.4,908.606,118.763,154758,242.308,0.70984,0.0697778
30.5,916.346,118.387,154757,243.105,0.712763,0.0697778
30.6,924.087,118.009,154756,243.902,0.715647,0.0697778
30.7,931.83,117.629,154755,244.699,0.718492,0.0697778
30.8,939.573,117.247,154755,245.497,0.721298,0.0697778
30.9,947.315,116.864,154754,246.294,0.724063,0.0697778
31,955.057,116.479,154753,247.091,0.726788,0.0697778
31.1,962.797,116.091,154752,247.888,0.729472,0.0697778
31.2,970.534,115.703,154751,248.685,0.732116,0.0697778
31.3,978.268,115.312,154751,249.482,0.734717,0.0697778
31.4,985.998,114.921,154750,250.279,0.737277,0.0697778
31.5,993.724,114.527,154749,251.076,0.739795,0.0697778
31.6,1001.44,114.132,154748,251.873,0.742269,0.0697778
31.7,1009.16,113.735,154747,252.67,0.744701,0.0697778
31.8,1016.87,113.337,154747,253.467,0.747089,0.0697778
31.9,1024.57,112.938,154746,254.264,0.749434,0.0697778
32,1032.26,112.537,154745,255.061,0.751734,0.0697778
32.1,1039.95,112.135,154744,255.858,0.753989,0.0697778
32.2,1047.62,111.731,154743,256.655,0.7562,0.0697778
32.3,1055.29,111.326,154743,257.453,0.758364,0.0697778
32.4,1062.95,110.92,154742,258.25,0.760483,0.0697778
32.5,1070.59,110.513,154741,259.047,0.762555,0.0697778
32.6,1078.23,110.104,154740,259.844,0.764581,0.0697778
32.7,1085.85,109.694,154739,260.641,0.766559,0.0697778
32.8,1093.46,109.284,154739,261.438,0.76849,0.0697778
32.9,1101.05,108.872,154738,262.235,0.770372,0.0697778
33,1108.63,108.459,154737,263.032,0.772206,0.0697778
33.1,1116.2,108.045,154736,263.829,0.77399,0.0697778
33.2,1123.75,107.63,154735,264.626,0.775726,0.0697778
33.3,1131.29,107.214,154735,265.423,0.777411,0.0697778
33.4,1138.81,106.797,154734,266.22,0.779046,0.0697778
33.5,1146.32,106.379,154733,267.017,0.78063,0.0697778
33.6,1153.8,105.961,154732,267.814,0.782162,0.0697778
33.7,1161.27,105.541,154731,268.611,0.783643,0.0697778
33.8,1168.72,105.121,154731,269.409,0.785071,0.0697778
33.9,1176.15,104.701,154730,270.206,0.786447,0.0697778
34,1183.56,104.279,154729,271.003,0.787769,0.0697778
34.1,1190.95,103.857,154728,271.8,0.789037,0.0697778
34.2,1198.32,103.434,154727,272.597,0.790251,0.0697778
34.3,1205.67,103.011,154727,273.394,0.79141,0.0697778
34.4,1213,102.587,154726,274.191,0.792514,0.0697778
34.5,1220.31,102.163,154725,274.988,0.793561,0.0697778
34.6,1227.59,101.738,154724,275.785,0.794552,0.0697778
34.7,1234.85,101.313,154723,276.582,0.795486,0.0697778
34.8,1242.08,100.887,154723,277.379,0.796363,0.0697778
34.9,1249.29,100.461,154722,278.176,0.797181,0.0697778
35,1256.48,100.035,154721,278.973,0.797941,0.0697778
35.1,1263.64,99.6084,154720,279.77,0.798641,0.0697778
35.2,1270.78,99.1816,154719,280.567,0.799282,0.0697778
35.3,1277.89,98.7547,154719,281.365,0.799862,0.0697778
35.4,1284.97,98.3276,154718,282.162,0.800381,0.0697778
35.5,1292.03,97.9005,154717,282.959,0.800838,0.0697778
35.6,1299.06,97.4732,154716,283.756,0.801233,0.0697778
35.7,1306.06,97.046,154715,284.553,0.801565,0.0697778
35.8,1313.03,96.6187,154715,285.35,0.801834,0.0697778
35.9,1319.97,96.1915,154714,286.147,0.802038,0.0697778
36,1326.89,95.7645,154713,286.944,0.802178,0.0697778
36.1,1333.77,95.3375,154712,287.741,0.802252,0.0697778
36.2,1340.63,94.9108,154711,288.538,0.80226,0.0697778
36.3,1347.45,94.4843,154711,289.335,0.802201,0.0697778
36.4,1354.24,94.0581,154710,290.132,0.802075,0.0697778
36.5,1361,93.6322,154709,290.929,0.80188,0.0697778
36.6,1367.73,93.2066,154708,291.726,0.801617,0.0697778
36.7,1374.43,92.7815,154707,292.523,0.801284,0.0697778
36.8,1381.09,92.3568,154707,293.321,0.800881,0.0697778
36.9,1387.72,91.9327,154706,294.118,0.800407,0.0697778
37,1394.32,91.5091,154705,294.915,0.799861,0.0697778
37.1,1400.88,91.0861,154704,295.712,0.799243,0.0697778
37.2,1407.41,90.6637,154703,296.509,0.798551,0.0697778
37.3,1413.91,90.242,154703,297.306,0.797785,0.0697778
37.4,1420.37,89.8211,154702,298.103,0.796945,0.0697778
37.5,1426.79,89.401,154701,298.9,0.796029,0.0697778
37.6,1433.18,88.9817,154700,299.697,0.795037,0.0697778
37.7,1439.53,88.5634,154700,300.494,0.793967,0.0697778
37.8,1445.85,88.1459,154699,301.291,0.79282,0.0697778
37.9,1452.13,87.7295,154698,302.088,0.791594,0.0697778
38,1458.37,87.3142,154697,302.885,0.790288,0.0697778
38.1,1464.57,86.8999,154696,303.682,0.788902,0.0697778
38.2,1470.74,86.4868,154696,304.479,0.787435,0.0697778
38.3,1476.87,86.075,154695,305.277,0.785885,0.0697778
38.4,1482.96,85.6644,154694,306.074,0.784253,0.0697778
38.5,1489.01,85.2551,154693,306.871,0.782537,0.0697778
38.6,1495.02,84.8473,154692,307.668,0.780736,0.0697778
38.7,1500.99,84.4409,154692,308.465,0.77885,0.0697778
38.8,1506.92,84.036,154691,309.262,0.776877,0.0697778
38.9,1512.81,83.6326,154690,310.059,0.774817,0.0697778
39,1518.66,83.231,154689,310.856,0.772669,0.0697778
39.1,1524.47,82.831,154688,311.653,0.770432,0.0697778
39.2,1530.24,82.4328,154688,312.45,0.768105,0.0697778
39.3,1535.97,82.0364,154687,313.247,0.765687,0.0697778
39.4,1541.66,81.6419,154686,314.044,0.763177,0.0697778
39.5,1547.3,81.2494,154685,314.841,0.760575,0.0697778
39.6,1552.9,80.8588,154684,315.638,0.757879,0.0697778
39.7,1558.46,80.4704,154684,316.435,0.755088,0.0697778
39.8,1563.97,80.0842,154683,317.233,0.752202,0.0697778
39.9,1569.44,79.7002,154682,318.03,0.74922,0.0697778
40,1574.87,79.3185,154681,318.827,0.74614,0.0697778
40.1,1580.26,78.9392,154680,319.624,0.742963,0.0697778
40.2,1585.6,78.5624,154680,320.421,0.739686,0.0697778
40.3,1590.89,78.1881,154679,321.218,0.736309,0.0697778
40.4,1596.14,77.8164,154678,322.015,0.732832,0.0697778
40.5,1601.35,77.4474,154677,322.812,0.729253,0.0697778
40.6,1606.51,77.0812,154676,323.609,0.725571,0.0697778
40.7,1611.62,76.7179,154676,324.406,0.721785,0.0697778
40.8,1616.69,76.3575,154675,325.203,0.717896,0.0697778
40.9,1621.72,76.0001,154674,326,0.713901,0.0697778
41,1626.69,75.6458,154673,326.797,0.7098,0.0697778
41.1,1631.62,75.2948,154672,327.594,0.705593,0.0697778
41.2,1636.5,74.947,154672,328.391,0.701278,0.0697778
41.3,1641.34,74.6026,154671,329.189,0.696854,0.0697778
41.4,1646.13,74.2616,154670,329.986,0.692321,0.0697778
41.5,1650.87,73.9242,154669,330.783,0.687679,0.0697778
41.6,1655.56,73.5905,154668,331.58,0.682926,0.0697778
41.7,1660.21,73.2605,154668,332.377,0.678062,0.0697778
41.8,1664.8,72.9344,154667,333.174,0.673085,0.0697778
41.9,1669.35,72.6122,154666,333.971,0.667997,0.0697778
42,1673.85,72.294,154665,334.768,0.662795,0.0697778
42.1,1678.29,71.98,154664,335.565,0.657479,0.0697778
42.2,1682.69,71.6702,154664,336.362,0.65205,0.0697778
42.3,1687.04,71.3648,154663,337.159,0.646506,0.0697778
42.4,1691.34,71.0638,154662,337.956,0.640846,0.0697778
42.5,1695.59,70.7674,154661,338.753,0.635072,0.0697778
42.6,1699.79,70.4757,154660,339.55,0.629182,0.0697778
42.7,1703.93,70.1887,154660,340.347,0.623176,0.0697778
42.8,1708.03,69.9067,154659,341.145,0.617053,0.0697778
42.9,1712.08,69.6296,154658,341.942,0.610815,0.0697778
43,1716.07,69.3576,154657,342.739,0.60446,0.0697778
43.1,1720.01,69.0909,154656,343.536,0.597989,0.0697778
43.2,1723.9,68.8295,154656,344.333,0.591401,0.0697778
43.3,1727.74,68.5736,154655,345.13,0.584698,0.0697778
43.4,1731.52,68.3232,154654,345.927,0.577878,0.0697778
43.5,1735.26,68.0785,154653,346.724,0.570943,0.0697778
43.6,1738.93,67.8396,154652,347.521,0.563892,0.0697778
43.7,1742.56,67.6067,154652,348.318,0.556727,0.0697778
43.8,1746.13,67.3798,154651,349.115,0.549447,0.0697778
43.9,1749.65,67.159,154650,349.912,0.542054,0.0697778
44,1753.12,66.9445,154649,350.709,0.534548,0.0697778
44.1,1756.53,66.7365,154648,351.506,0.52693,0.0697778
44.2,1759.88,66.5349,154648,352.303,0.5192,0.0697778
44.3,1763.18,66.34,154647,353.101,0.511361,0.0697778
44.4,1766.43,66.1519,154646,353.898,0.503413,0.0697778
44.5,1769.62,65.9707,154645,354.695,0.495357,0.0697778
44.6,1772.76,65.7964,154645,355.492,0.487195,0.0697778
44.7,1775.84,65.6293,154644,356.289,0.478928,0.0697778
44.8,1778.86,65.4694,154643,357.086,0.470558,0.0697778
44.9,1781.83,65.3169,154642,357.883,0.462086,0.0697778
45,1784.74,65.1719,154641,358.68,0.453515,0.0697778
45.1,1787.6,65.0344,154641,359.477,0.444846,0.0697778
45.2,1790.4,64.9047,154640,360.274,0.436082,0.0697778
45.3,1793.14,64.7828,154639,361.071,0.427225,0.0697778
45.4,1795.82,64.6689,154638,361.868,0.418276,0.0697778
45.5,1798.45,64.563,154637,362.665,0.409239,0.0697778
45.6,1801.02,64.4652,154637,363.462,0.400116,0.0697778
45.7,1803.53,64.3757,154636,364.259,0.39091,0.0697778
45.8,1805.98,64.2946,154635,365.057,0.381624,0.0697778
45.9,1808.38,64.2219,154634,365.854,0.37226,0.0697778
46,1810.71,64.1579,154633,366.651,0.362821,0.0697778
46.1,1812.99,64.1024,154633,367.448,0.353312,0.0697778
46.2,1815.21,64.0558,154632,368.245,0.343734,0.0697778
46.3,1817.37,64.018,154631,369.042,0.334092,0.0697778
46.4,1819.47,63.9891,154630,369.839,0.324389,0.0697778
46.5,1821.51,63.9693,154629,370.636,0.314629,0.0697778
46.6,1823.48,63.9585,154629,371.433,0.304815,0.0697778
46.7,1825.4,63.9569,154628,372.23,0.294951,0.0697778
46.8,1827.26,63.9646,154627,373.027,0.285041,0.0697778
46.9,1829.06,63.9816,154626,373.824,0.275089,0.0697778
47,1830.8,64.008,154625,374.621,0.265099,0.0697778
47.1,1832.48,64.0438,154625,375.418,0.255075,0.0697778
47.2,1834.09,64.0891,154624,376.215,0.245022,0.0697778
47.3,1835.65,64.144,154623,377.013,0.234943,0.0697778
47.4,1837.14,64.2084,154622,377.81,0.224844,0.0697778
47.5,1838.57,64.2825,154621,378.607,0.214727,0.0697778
47.6,1839.94,64.3662,154621,379.404,0.204598,0.0697778
47.7,1841.25,64.4596,154620,380.201,0.194461,0.0697778
47.8,1842.5,64.5628,154619,380.998,0.184321,0.0697778
47.9,1843.68,64.6757,154618,381.795,0.174181,0.0697778
48,1844.8,64.7983,154617,382.592,0.164047,0.0697778
48.1,1845.86,64.9307,154617,383.389,0.153923,0.0697778
48.2,1846.85,65.0729,154616,384.186,0.143813,0.0697778
48.3,1847.79,65.2248,154615,384.983,0.133722,0.0697778
48.4,1848.66,65.3865,154614,385.78,0.123654,0.0697778
48.5,1849.46,65.5579,154613,386.577,0.113613,0.0697778
48.6,1850.21,65.739,154613,387.374,0.103604,0.0697778
48.7,1850.89,65.9299,154612,388.171,0.0936316,0.0697778
48.8,1851.5,66.1304,154611,388.969,0.0836992,0.0697778
48.9,1852.05,66.3406,154610,389.766,0.0738113,0.0697778
49,1852.54,66.5603,154609,390.563,0.0639721,0.0697778
49.1,1852.97,66.7896,154609,391.36,0.0541855,0.0697778
49.2,1853.33,67.0285,154608,392.157,0.0444555,0.0697778
49.3,1853.63,67.2767,154607,392.954,0.034786,0.0697778
49.4,1853.86,67.5344,154606,393.751,0.0251807,0.0697778
49.5,1854.03,67.8014,154605,394.548,0.0156434,0.0697778
49.6,1854.14,68.0777,154605,395.345,0.00617762,0.0697778
49.7,1854.18,68.3631,154604,396.142,-0.00321312,0.0697778
49.8,1854.16,68.6577,154603,396.939,-0.0125255,0.0697778
49.9,1854.07,68.9613,154602,397.736,-0.0217561,0.0697778
50,1853.92,69.2738,154601,398.533,-0.0309019,0.0697778
50.1,1853.71,69.5952,154601,399.33,-0.0399598,0.0697778
50.2,1853.43,69.9254,154600,400.127,-0.0489269,0.0697778
50.3,1853.09,70.2642,154599,400.925,-0.0578003,0.0697778
50.4,1852.68,70.6116,154598,401.722,-0.0665774,0.0697778
50.5,1852.21,70.9675,154597,402.519,-0.0752555,0.0697778
50.6,1851.68,71.3318,154597,403.316,-0.0838323,0.0697778
50.7,1851.08,71.7042,154596,404.113,-0.0923054,0.0697778
50.8,1850.42,72.0849,154595,404.91,-0.100673,0.0697778
50.9,1849.7,72.4735,154594,405.707,-0.108932,0.0697778
51,1848.91,72.8701,154593,406.504,-0.117081,0.0697778
51.1,1848.06,73.2745,154593,407.301,-0.125118,0.0697778
51.2,1847.14,73.6865,154592,408.098,-0.133042,0.0697778
51.3,1846.17,74.1061,154591,408.895,-0.14085,0.0697778
51.4,1845.13,74.5332,154590,409.692,-0.148542,0.0697778
51.5,1844.02,74.9675,154590,410.489,-0.156115,0.0697778
51.6,1842.86,75.409,154589,411.286,-0.163569,0.0697778
51.7,1841.63,75.8575,154588,412.083,-0.170902,0.0697778
51.8,1840.34,76.313,154587,412.881,-0.178114,0.0697778
51.9,1838.99,76.7752,154586,413.678,-0.185203,0.0697778
52,1837.57,77.2441,154586,414.475,-0.192168,0.0697778
52.1,1836.1,77.7196,154585,415.272,-0.199009,0.0697778
52.2,1834.56,78.2014,154584,416.069,-0.205724,0.0697778
52.3,1832.96,78.6895,154583,416.866,-0.212314,0.0697778
52.4,1831.31,79.1837,154582,417.663,-0.218778,0.0697778
52.5,1829.59,79.6839,154582,418.46,-0.225115,0.0697778
52.6,1827.81,80.1899,154581,419.257,-0.231325,0.0697778
52.7,1825.97,80.7017,154580,420.054,-0.237408,0.0697778
52.8,1824.07,81.219,154579,420.851,-0.243363,0.0697778
52.9,1822.11,81.7419,154578,421.648,-0.24919,0.0697778
53,1820.1,82.27,154578,422.445,-0.25489,0.0697778
53.1,1818.02,82.8033,154577,423.242,-0.260461,0.0697778
53.2,1815.89,83.3417,154576,424.039,-0.265906,0.0697778
53.3,1813.7,83.885,154575,424.837,-0.271222,0.0697778
53.4,1811.45,84.4331,154574,425.634,-0.276411,0.0697778
53.5,1809.15,84.9858,154574,426.431,-0.281473,0.0697778
53.6,1806.79,85.5431,154573,427.228,-0.286408,0.0697778
53.7,1804.37,86.1048,154572,428.025,-0.291216,0.0697778
53.8,1801.9,86.6707,154571,428.822,-0.295898,0.0697778
53.9,1799.37,87.2408,154570,429.619,-0.300455,0.0697778
54,1796.79,87.8149,154570,430.416,-0.304885,0.0697778
54.1,1794.16,88.3928,154569,431.213,-0.309191,0.0697778
54.2,1791.47,88.9746,154568,432.01,-0.313373,0.0697778
54.3,1788.72,89.5599,154567,432.807,-0.317431,0.0697778
54.4,1785.93,90.1488,154566,433.604,-0.321365,0.0697778
54.5,1783.08,90.741,154566,434.401,-0.325177,0.0697778
54.6,1780.18,91.3366,154565,435.198,-0.328866,0.0697778
54.7,1777.23,91.9352,154564,435.995,-0.332435,0.0697778
54.8,1774.23,92.5369,154563,436.793,-0.335882,0.0697778
54.9,1771.18,93.1414,154562,437.59,-0.33921,0.0697778
55,1768.08,93.7488,154562,438.387,-0.342419,0.0697778
55.1,1764.93,94.3588,154561,439.184,-0.345509,0.0697778
55.2,1761.74,94.9714,154560,439.981,-0.348481,0.0697778
55.3,1758.5,95.5864,154559,440.778,-0.351336,0.0697778
55.4,1755.21,96.2037,154558,441.575,-0.354075,0.0697778
55.5,1751.87,96.8232,154558,442.372,-0.356699,0.0697778
55.6,1748.49,97.4448,154557,443.169,-0.359208,0.0697778
55.7,1745.06,98.0684,154556,443.966,-0.361603,0.0697778
55.8,1741.59,98.6939,154555,444.763,-0.363885,0.0697778
55.9,1738.08,99.3211,154554,445.56,-0.366055,0.0697778
56,1734.53,99.95,154554,446.357,-0.368114,0.0697778
56.1,1730.93,100.58,154553,447.154,-0.370062,0.0697778
56.2,1727.29,101.212,154552,447.951,-0.371901,0.0697778
56.3,1723.61,101.846,154551,448.749,-0.373631,0.0697778
56.4,1719.9,102.48,154550,449.546,-0.375253,0.0697778
56.5,1716.14,103.116,154550,450.343,-0.376768,0.0697778
56.6,1712.35,103.752,154549,451.14,-0.378177,0.0697778
56.7,1708.52,104.39,154548,451.937,-0.37948,0.0697778
56.8,1704.65,105.028,154547,452.734,-0.380679,0.0697778
56.9,1700.75,105.667,154546,453.531,-0.381774,0.0697778
57,1696.81,106.307,154546,454.328,-0.382766,0.0697778
57.1,1692.84,106.947,154545,455.125,-0.383657,0.0697778
57.2,1688.84,107.588,154544,455.922,-0.384446,0.0697778
57.3,1684.8,108.229,154543,456.719,-0.385135,0.0697778
57.4,1680.74,108.87,154542,457.516,-0.385724,0.0697778
57.5,1676.64,109.512,154542,458.313,-0.386215,0.0697778
57.6,1672.51,110.153,154541,459.11,-0.386609,0.0697778
57.7,1668.36,110.795,154540,459.907,-0.386905,0.0697778
57.8,1664.18,111.436,154539,460.705,-0.387105,0.0697778
57.9,1659.97,112.077,154538,461.502,-0.38721,0.0697778
58,1655.74,112.718,154538,462.299,-0.38722,0.0697778
58.1,1651.49,113.359,154537,463.096,-0.387137,0.0697778
58.2,1647.21,113.999,154536,463.893,-0.386961,0.0697778
58.3,1642.9,114.638,154535,464.69,-0.386693,0.0697778
58.4,1638.58,115.277,154535,465.487,-0.386334,0.0697778
58.5,1634.24,115.915,154534,466.284,-0.385884,0.0697778
58.6,1629.87,116.552,154533,467.081,-0.385345,0.0697778
58.7,1625.49,117.189,154532,467.878,-0.384717,0.0697778
58.8,1621.09,117.824,154531,468.675,-0.384001,0.0697778
58.9,1616.68,118.459,154531,469.472,-0.383197,0.0697778
59,1612.25,119.092,154530,470.269,-0.382307,0.0697778
59.1,1607.81,119.724,154529,471.066,-0.381331,0.0697778
59.2,1603.35,120.354,154528,471.863,-0.38027,0.0697778
59.3,1598.89,120.984,154527,472.661,-0.379125,0.0697778
59.4,1594.41,121.612,154527,473.458,-0.377896,0.0697778
59.5,1589.92,122.238,154526,474.255,-0.376585,0.0697778
59.6,1585.43,122.863,154525,475.052,-0.375192,0.0697778
59.7,1580.92,123.486,154524,475.849,-0.373717,0.0697778
59.8,1576.42,124.107,154523,476.646,-0.372162,0.0697778
59.9,1571.9,124.726,154523,477.443,-0.370526,0.0697778
60,1567.39,125.343,154522,478.24,-0.368812,0.0697778
60.1,1562.87,125.959,154521,479.037,-0.367019,0.0697778
60.2,1558.35,126.572,154520,479.834,-0.365149,0.0697778
60.3,1553.83,127.183,154519,480.631,-0.363202,0.0697778
60.4,1549.31,127.792,154519,481.428,-0.361178,0.0697778
60.5,1544.79,128.399,154518,482.225,-0.359078,0.0697778
60.6,1540.28,129.004,154517,483.022,-0.356904,0.0697778
60.7,1535.77,129.605,154516,483.819,-0.354656,0.0697778
60.8,1531.27,130.205,154515,484.617,-0.352334,0.0697778
60.9,1526.78,130.802,154515,485.414,-0.349939,0.0697778
61,1522.3,131.396,154514,486.211,-0.347471,0.0697778
61.1,1517.82,131.987,154513,487.008,-0.344933,0.0697778
61.2,1513.36,132.576,154512,487.805,-0.342323,0.0697778
61.3,1508.91,133.162,154511,488.602,-0.339643,0.0697778
61.4,1504.47,133.745,154511,489.399,-0.336894,0.0697778
61.5,1500.05,134.325,154510,490.196,-0.334075,0.0697778
61.6,1495.65,134.902,154509,490.993,-0.331189,0.0697778
61.7,1491.26,135.476,154508,491.79,-0.328235,0.0697778
61.8,1486.89,136.046,154507,492.587,-0.325214,0.0697778
61.9,1482.55,136.614,154507,493.384,-0.322126,0.0697778
62,1478.22,137.178,154506,494.181,-0.318973,0.0697778
62.1,1473.92,137.738,154505,494.978,-0.315755,0.0697778
62.2,1469.64,138.296,154504,495.775,-0.312472,0.0697778
62.3,1465.39,138.849,154503,496.573,-0.309126,0.0697778
62.4,1461.17,139.4,154503,497.37,-0.305716,0.0697778
62.5,1456.97,139.946,154502,498.167,-0.302244,0.0697778
62.6,1452.81,140.489,154501,498.964,-0.29871,0.0697778
62.7,1448.67,141.028,154500,499.761,-0.295115,0.0697778
62.8,1444.57,141.564,154499,500.558,-0.291459,0.0697778
62.9,1440.5,142.095,154499,501.355,-0.287743,0.0697778
63,1436.47,142.623,154498,502.152,-0.283967,0.0697778
63.1,1432.47,143.146,154497,502.949,-0.280133,0.0697778
63.2,1428.51,143.666,154496,503.746,-0.276241,0.0697778
63.3,1424.6,144.181,154495,504.543,-0.272291,0.0697778
63.4,1420.72,144.693,154495,505.34,-0.268284,0.0697778
63.5,1416.88,145.2,154494,506.137,-0.26422,0.0697778
63.6,1413.09,145.703,154493,506.934,-0.260101,0.0697778
63.7,1409.34,146.201,154492,507.731,-0.255927,0.0697778
63.8,1405.64,146.695,154491,508.529,-0.251698,0.0697778
63.9,1401.99,147.185,154491,509.326,-0.247415,0.0697778
64,1398.39,147.67,154490,510.123,-0.243078,0.0697778
64.1,1394.83,148.151,154489,510.92,-0.238689,0.0697778
64.2,1391.33,148.627,154488,511.717,-0.234248,0.0697778
64.3,1387.88,149.098,154487,512.514,-0.229755,0.0697778
64.4,1384.48,149.565,154487,513.311,-0.225212,0.0697778
64.5,1381.14,150.027,154486,514.108,-0.220617,0.0697778
64.6,1377.86,150.484,154485,514.905,-0.215974,0.0697778
64.7,1374.64,150.937,154484,515.702,-0.21128,0.0697778
64.8,1371.47,151.384,154484,516.499,-0.206539,0.0697778
64.9,1368.37,151.827,154483,517.296,-0.201749,0.0697778
65,1365.32,152.265,154482,518.093,-0.196912,0.0697778
65.1,1362.34,152.697,154481,518.89,-0.192028,0.0697778
65.2,1359.43,153.125,154480,519.687,-0.187098,0.0697778
65.3,1356.58,153.547,154480,520.485,-0.182123,0.0697778
65.4,1353.8,153.964,154479,521.282,-0.177102,0.0697778
65.5,1351.09,154.376,154478,522.079,-0.172037,0.0697778
65.6,1348.45,154.783,154477,522.876,-0.166928,0.0697778
65.7,1345.87,155.184,154476,523.673,-0.161776,0.0697778
65.8,1343.37,155.581,154476,524.47,-0.156581,0.0697778
65.9,1340.95,155.971,154475,525.267,-0.151344,0.0697778
66,1338.6,156.357,154474,526.064,-0.146066,0.0697778
66.1,1336.32,156.736,154473,526.861,-0.140747,0.0697778
66.2,1334.12,157.111,154472,527.658,-0.135388,0.0697778
66.3,1332,157.479,154472,528.455,-0.129989,0.0697778
66.4,1329.96,157.843,154471,529.252,-0.124551,0.0697778
66.5,1328,158.2,154470,530.049,-0.119074,0.0697778
66.6,1326.12,158.552,154469,530.846,-0.11356,0.0697778
66.7,1324.32,158.898,154468,531.643,-0.108008,0.0697778
66.8,1322.61,159.239,154468,532.441,-0.10242,0.0697778
66.9,1320.98,159.574,154467,533.238,-0.0967953,0.0697778
67,1319.44,159.903,154466,534.035,-0.0911353,0.0697778
67.1,1317.98,160.226,154465,534.832,-0.0854404,0.0697778
67.2,1316.62,160.543,154464,535.629,-0.0797112,0.0697778
67.3,1315.34,160.854,154464,536.426,-0.0739482,0.0697778
67.4,1314.15,161.16,154463,537.223,-0.0681522,0.0697778
67.5,1313.05,161.46,154462,538.02,-0.0623236,0.0697778
67.6,1312.05,161.753,154461,538.817,-0.0564631,0.0697778
67.7,1311.13,162.041,154460,539.614,-0.0505713,0.0697778
67.8,1310.32,162.322,154460,540.411,-0.0446487,0.0697778
67.9,1309.59,162.598,154459,541.208,-0.038696,0.0697778
68,1308.96,162.867,154458,542.005,-0.0327137,0.0697778
68.1,1308.43,163.13,154457,542.802,-0.0267025,0.0697778
68.2,1307.99,163.387,154456,543.599,-0.0206629,0.0697778
68.3,1307.66,163.638,154456,544.397,-0.0145956,0.0697778
68.4,1307.42,163.883,154455,545.194,-0.00850108,0.0697778
68.5,1307.28,164.122,154454,545.991,-0.00237999,0.0697778
68.6,1307.24,164.354,154453,546.788,0.00376708,0.0697778
68.7,1307.3,164.58,154452,547.585,0.00993953,0.0697778
68.8,1307.46,164.8,154452,548.382,0.0161368,0.0697778
68.9,1307.73,165.014,154451,549.179,0.0223582,0.0697778
69,1308.1,165.221,154450,549.976,0.0286033,0.0697778
69.1,1308.57,165.422,154449,550.773,0.0348714,0.0697778
69.2,1309.15,165.617,154448,551.57,0.0411619,0.0697778
69.3,1309.83,165.805,154448,552.367,0.0474742,0.0697778
69.4,1310.62,165.987,154447,553.164,0.0538078,0.0697778
69.5,1311.51,166.163,154446,553.961,0.060162,0.0697778
69.6,1312.51,166.332,154445,554.758,0.0665363,0.0697778
69.7,1313.61,166.495,154444,555.555,0.0729301,0.0697778
69.8,1314.83,166.652,154444,556.353,0.0793427,0.0697778
69.9,1316.15,166.802,154443,557.15,0.0857737,0.0697778
70,1317.58,166.945,154442,557.947,0.0922224,0.0697778
70.1,1319.11,167.083,154441,558.744,0.0986882,0.0697778
70.2,1320.76,167.213,154440,559.541,0.105171,0.0697778
70.3,1322.52,167.338,154440,560.338,0.111669,0.0697778
70.4,1324.38,167.456,154439,561.135,0.118183,0.0697778
70.5,1326.36,167.567,154438,561.932,0.124711,0.0697778
70.6,1328.44,167.672,154437,562.729,0.131254,0.0697778
70.7,1330.63,167.771,154436,563.526,0.13781,0.0697778
70.8,1332.94,167.863,154436,564.323,0.14438,0.0697778
70.9,1335.35,167.949,154435,565.12,0.150962,0.0697778
71,1337.88,168.028,154434,565.917,0.157556,0.0697778
71.1,1340.52,168.101,154433,566.714,0.164161,0.0697778
71.2,1343.26,168.167,154432,567.511,0.170777,0.0697778
71.3,1346.12,168.227,154432,568.309,0.177403,0.0697778
71.4,1349.09,168.281,154431,569.106,0.184039,0.0697778
71.5,1352.17,168.328,154430,569.903,0.190684,0.0697778
71.6,1355.36,168.369,154429,570.7,0.197338,0.0697778
71.7,1358.66,168.403,154429,571.497,0.204,0.0697778
71.8,1362.07,168.431,154428,572.294,0.210669,0.0697778
71.9,1365.6,168.452,154427,573.091,0.217345,0.0697778
72,1369.23,168.467,154426,573.888,0.224027,0.0697778
72.1,1372.97,168.476,154425,574.685,0.230715,0.0697778
72.2,1376.82,168.478,154425,575.482,0.237408,0.0697778
72.3,1380.79,168.474,154424,576.279,0.244106,0.0697778
72.4,1384.86,168.464,154423,577.076,0.250808,0.0697778
72.5,1389.04,168.447,154422,577.873,0.257513,0.0697778
72.6,1393.33,168.424,154421,578.67,0.264222,0.0697778
72.7,1397.73,168.395,154421,579.467,0.270933,0.0697778
72.8,1402.23,168.359,154420,580.265,0.277647,0.0697778
72.9,1406.85,168.317,154419,581.062,0.284361,0.0697778
73,1411.57,168.269,154418,581.859,0.291077,0.0697778
73.1,1416.4,168.214,154417,582.656,0.297793,0.0697778
73.2,1421.33,168.154,154417,583.453,0.304509,0.0697778
73.3,1426.38,168.087,154416,584.25,0.311224,0.0697778
73.4,1431.52,168.014,154415,585.047,0.317938,0.0697778
73.5,1436.78,167.935,154414,585.844,0.324651,0.0697778
73.6,1442.13,167.85,154413,586.641,0.331361,0.0697778
73.7,1447.59,167.758,154413,587.438,0.338069,0.0697778
73.8,1453.16,167.661,154412,588.235,0.344774,0.0697778
73.9,1458.82,167.557,154411,589.032,0.351475,0.0697778
74,1464.59,167.448,154410,589.829,0.358172,0.0697778
74.1,1470.46,167.332,154409,590.626,0.364864,0.0697778
74.2,1476.43,167.21,154409,591.423,0.371551,0.0697778
74.3,1482.5,167.083,154408,592.221,0.378233,0.0697778
74.4,1488.67,166.949,154407,593.018,0.384908,0.0697778
74.5,1494.94,166.81,154406,593.815,0.391577,0.0697778
74.6,1501.31,166.664,154405,594.612,0.398239,0.0697778
74.7,1507.77,166.513,154405,595.409,0.404894,0.0697778
74.8,1514.33,166.356,154404,596.206,0.41154,0.0697778
74.9,1520.99,166.194,154403,597.003,0.418179,0.0697778
75,1527.74,166.025,154402,597.8,0.424808,0.0697778
75.1,1534.58,165.851,154401,598.597,0.431428,0.0697778
75.2,1541.51,165.671,154401,599.394,0.438038,0.0697778
75.3,1548.54,165.485,154400,600.191,0.444639,0.0697778
75.4,1555.66,165.294,154399,600.988,0.451228,0.0697778
75.5,1562.87,165.097,154398,601.785,0.457807,0.0697778
75.6,1570.16,164.895,154397,602.582,0.464374,0.0697778
75.7,1577.55,164.687,154397,603.379,0.470929,0.0697778
75.8,1585.02,164.473,154396,604.177,0.477472,0.0697778
75.9,1592.58,164.254,154395,604.974,0.484002,0.0697778
76,1600.22,164.03,154394,605.771,0.490519,0.0697778
76.1,1607.95,163.8,154393,606.568,0.497022,0.0697778
76.2,1615.76,163.565,154393,607.365,0.503511,0.0697778
76.3,1623.65,163.324,154392,608.162,0.509986,0.0697778
76.4,1631.62,163.078,154391,608.959,0.516447,0.0697778
76.5,1639.68,162.827,154390,609.756,0.522892,0.0697778
76.6,1647.81,162.571,154389,610.553,0.529321,0.0697778
76.7,1656.02,162.31,154389,611.35,0.535735,0.0697778
76.8,1664.3,162.043,154388,612.147,0.542132,0.0697778
76.9,1672.66,161.772,154387,612.944,0.548513,0.0697778
77,1681.1,161.495,154386,613.741,0.554877,0.0697778
77.1,1689.61,161.213,154385,614.538,0.561223,0.0697778
77.2,1698.19,160.926,154385,615.335,0.567551,0.0697778
77.3,1706.84,160.635,154384,616.133,0.573862,0.0697778
77.4,1715.56,160.338,154383,616.93,0.580154,0.0697778
77.5,1724.35,160.037,154382,617.727,0.586427,0.0697778
77.6,1733.2,159.731,154381,618.524,0.592681,0.0697778
77.7,1742.13,159.42,154381,619.321,0.598915,0.0697778
77.8,1751.11,159.104,154380,620.118,0.605129,0.0697778
77.9,1760.16,158.783,154379,620.915,0.611324,0.0697778
78,1769.28,158.458,154378,621.712,0.617498,0.0697778
78.1,1778.45,158.129,154377,622.509,0.623651,0.0697778
78.2,1787.69,157.794,154377,623.306,0.629783,0.0697778
78.3,1796.98,157.455,154376,624.103,0.635893,0.0697778
78.4,1806.33,157.112,154375,624.9,0.641982,0.0697778
78.5,1815.74,156.764,154374,625.697,0.648048,0.0697778
78.6,1825.2,156.412,154374,626.494,0.654092,0.0697778
78.7,1834.72,156.055,154373,627.291,0.660114,0.0697778
78.8,1844.29,155.695,154372,628.089,0.666113,0.0697778
78.9,1853.91,155.329,154371,628.886,0.672088,0.0697778
79,1863.58,154.96,154370,629.683,0.67804,0.0697778
79.1,1873.3,154.586,154370,630.48,0.683968,0.0697778
79.2,1883.07,154.209,154369,631.277,0.689871,0.0697778
79.3,1892.88,153.827,154368,632.074,0.695751,0.0697778
79.4,1902.74,153.441,154367,632.871,0.701606,0.0697778
79.5,1912.65,153.051,154366,633.668,0.707436,0.0697778
79.6,1922.59,152.657,154366,634.465,0.71324,0.0697778
79.7,1932.58,152.259,154365,635.262,0.71902,0.0697778
79.8,1942.61,151.857,154364,636.059,0.724773,0.0697778
79.9,1952.68,151.451,154363,636.856,0.730501,0.0697778
80,1962.78,151.042,154362,637.653,0.736202,0.0697778
80.1,1972.92,150.629,154362,638.45,0.741877,0.0697778
80.2,1983.1,150.212,154361,639.247,0.747526,0.0697778
80.3,1993.31,149.791,154360,640.045,0.753147,0.0697778
80.4,2003.56,149.366,154359,640.842,0.758741,0.0697778
80.5,2013.84,148.938,154358,641.639,0.764308,0.0697778
80.6,2024.14,148.507,154358,642.436,0.769847,0.0697778
80.7,2034.48,148.072,154357,643.233,0.775359,0.0697778
80.8,2044.84,147.633,154356,644.03,0.780842,0.0697778
80.9,2055.23,147.191,154355,644.827,0.786297,0.0697778
81,2065.65,146.746,154354,645.624,0.791724,0.0697778
81.1,2076.09,146.297,154354,646.421,0.797121,0.0697778
81.2,2086.56,145.845,154353,647.218,0.80249,0.0697778
81.3,2097.05,145.39,154352,648.015,0.80783,0.0697778
81.4,2107.56,144.931,154351,648.812,0.81314,0.0697778
81.5,2118.08,144.469,154350,649.609,0.818421,0.0697778
81.6,2128.63,144.005,154350,650.406,0.823672,0.0697778
81.7,2139.2,143.537,154349,651.203,0.828893,0.0697778
81.8,2149.78,143.065,154348,652.001,0.834084,0.0697778
81.9,2160.37,142.591,154347,652.798,0.839245,0.0697778
82,2170.98,142.114,154346,653.595,0.844375,0.0697778
82.1,2181.61,141.634,154346,654.392,0.849474,0.0697778
82.2,2192.24,141.151,154345,655.189,0.854543,0.0697778
82.3,2202.89,140.665,154344,655.986,0.85958,0.0697778
82.4,2213.55,140.176,154343,656.783,0.864586,0.0697778
82.5,2224.21,139.685,154342,657.58,0.869561,0.0697778
82.6,2234.89,139.191,154342,658.377,0.874504,0.0697778
82.7,2245.56,138.694,154341,659.174,0.879415,0.0697778
82.8,2256.25,138.194,154340,659.971,0.884294,0.0697778
82.9,2266.94,137.692,154339,660.768,0.889141,0.0697778
83,2277.63,137.187,154338,661.565,0.893955,0.0697778
83.1,2288.32,136.679,154338,662.362,0.898738,0.0697778
83.2,2299.02,136.169,154337,663.159,0.903487,0.0697778
83.3,2309.72,135.657,154336,663.957,0.908204,0.0697778
83.4,2320.41,135.142,154335,664.754,0.912887,0.0697778
83.5,2331.1,134.624,154334,665.551,0.917537,0.0697778
83.6,2341.79,134.104,154334,666.348,0.922154,0.0697778
83.7,2352.48,133.582,154333,667.145,0.926738,0.0697778
83.8,2363.16,133.058,154332,667.942,0.931287,0.0697778
83.9,2373.84,132.531,154331,668.739,0.935803,0.0697778
84,2384.51,132.002,154330,669.536,0.940285,0.0697778
84.1,2395.17,131.471,154330,670.333,0.944732,0.0697778
84.2,2405.83,130.937,154329,671.13,0.949146,0.0697778
84.3,2416.47,130.402,154328,671.927,0.953524,0.0697778
84.4,2427.1,129.864,154327,672.724,0.957868,0.0697778
84.5,2437.73,129.325,154326,673.521,0.962177,0.0697778
84.6,2448.34,128.783,154326,674.318,0.966452,0.0697778
84.7,2458.93,128.239,154325,675.115,0.97069,0.0697778
84.8,2469.52,127.694,154324,675.913,0.974894,0.0697778
84.9,2480.09,127.146,154323,676.71,0.979062,0.0697778
85,2490.64,126.596,154322,677.507,0.983194,0.0697778
85.1,2501.17,126.045,154322,678.304,0.987291,0.0697778
85.2,2511.69,125.492,154321,679.101,0.991351,0.0697778
85.3,2522.19,124.937,154320,679.898,0.995375,0.0697778
85.4,2532.68,124.38,154319,680.695,0.999363,0.0697778
85.5,2543.14,123.821,154319,681.492,1.00331,0.0697778
85.6,2553.58,123.261,154318,682.289,1.00723,0.0697778
85.7,2564,122.699,154317,683.086,1.01111,0.0697778
85.8,2574.4,122.136,154316,683.883,1.01495,0.0697778
85.9,2584.77,121.57,154315,684.68,1.01875,0.0697778
86,2595.12,121.003,154315,685.477,1.02252,0.0697778
86.1,2605.45,120.435,154314,686.274,1.02625,0.0697778
86.2,2615.75,119.865,154313,687.071,1.02994,0.0697778
86.3,2626.03,119.294,154312,687.869,1.03359,0.0697778
86.4,2636.28,118.721,154311,688.666,1.0372,0.0697778
86.5,2646.5,118.147,154311,689.463,1.04078,0.0697778
86.6,2656.69,117.571,154310,690.26,1.04432,0.0697778
86.7,2666.86,116.994,154309,691.057,1.04781,0.0697778
86.8,2676.99,116.415,154308,691.854,1.05127,0.0697778
86.9,2687.1,115.835,154307,692.651,1.05469,0.0697778
87,2697.17,115.254,154307,693.448,1.05808,0.0697778
87.1,2707.22,114.672,154306,694.245,1.06142,0.0697778
87.2,2717.23,114.088,154305,695.042,1.06472,0.0697778
87.3,2727.21,113.503,154304,695.839,1.06798,0.0697778
87.4,2737.15,112.917,154303,696.636,1.0712,0.0697778
87.5,2747.06,112.33,154303,697.433,1.07438,0.0697778
87.6,2756.94,111.741,154302,698.23,1.07752,0.0697778
87.7,2766.78,111.152,154301,699.027,1.08062,0.0697778
87.8,2776.59,110.561,154300,699.825,1.08368,0.0697778
87.9,2786.36,109.97,154299,700.622,1.0867,0.0697778
88,2796.09,109.377,154299,701.419,1.08967,0.0697778
88.1,2805.79,108.783,154298,702.216,1.0926,0.0697778
88.2,2815.45,108.188,154297,703.013,1.09549,0.0697778
88.3,2825.07,107.593,154296,703.81,1.09834,0.0697778
88.4,2834.65,106.996,154295,704.607,1.10114,0.0697778
88.5,2844.19,106.399,154295,705.404,1.10391,0.0697778
88.6,2853.69,105.8,154294,706.201,1.10662,0.0697778
88.7,2863.15,105.201,154293,706.998,1.1093,0.0697778
88.8,2872.57,104.601,154292,707.795,1.11193,0.0697778
88.9,2881.95,104,154291,708.592,1.11452,0.0697778
89,2891.28,103.398,154291,709.389,1.11706,0.0697778
89.1,2900.58,102.795,154290,710.186,1.11955,0.0697778
89.2,2909.83,102.192,154289,710.983,1.122,0.0697778
89.3,2919.03,101.588,154288,711.781,1.12441,0.0697778
89.4,2928.2,100.983,154287,712.578,1.12677,0.0697778
89.5,2937.32,100.377,154287,713.375,1.12908,0.0697778
89.6,2946.39,99.7714,154286,714.172,1.13135,0.0697778
89.7,2955.42,99.1646,154285,714.969,1.13356,0.0697778
89.8,2964.4,98.5572,154284,715.766,1.13573,0.0697778
89.9,2973.34,97.9492,154283,716.563,1.13786,0.0697778
90,2982.23,97.3406,154283,717.36,1.13993,0.0697778
90.1,2991.08,96.7315,154282,718.157,1.14195,0.0697778
90.2,2999.87,96.1218,154281,718.954,1.14393,0.0697778
90.3,3008.62,95.5117,154280,719.751,1.14585,0.0697778
90.4,3017.32,94.901,154279,720.548,1.14773,0.0697778
90.5,3025.98,94.2899,154279,721.345,1.14955,0.0697778
90.6,3034.58,93.6783,154278,722.142,1.15133,0.0697778
90.7,3043.14,93.0663,154277,722.939,1.15305,0.0697778
90.8,3051.64,92.4539,154276,723.737,1.15471,0.0697778
90.9,3060.1,91.8411,154275,724.534,1.15633,0.0697778
91,3068.51,91.228,154275,725.331,1.15789,0.0697778
91.1,3076.86,90.6145,154274,726.128,1.15939,0.0697778
91.2,3085.17,90.0007,154273,726.925,1.16084,0.0697778
91.3,3093.42,89.3866,154272,727.722,1.16224,0.0697778
91.4,3101.63,88.7722,154271,728.519,1.16358,0.0697778
91.5,3109.78,88.1576,154271,729.316,1.16486,0.0697778
91.6,3117.88,87.5427,154270,730.113,1.16609,0.0697778
91.7,3125.92,86.9276,154269,730.91,1.16725,0.0697778
91.8,3133.92,86.3124,154268,731.707,1.16836,0.0697778
91.9,3141.86,85.6969,154267,732.504,1.1694,0.0697778
92,3149.75,85.0814,154267,733.301,1.17039,0.0697778
92.1,3157.58,84.4657,154266,734.098,1.17131,0.0697778
92.2,3165.37,83.8499,154265,734.895,1.17217,0.0697778
92.3,3173.09,83.234,154264,735.693,1.17297,0.0697778
92.4,3180.77,82.6181,154264,736.49,1.17371,0.0697778
92.5,3188.39,82.0021,154263,737.287,1.17437,0.0697778
92.6,3195.95,81.3861,154262,738.084,1.17498,0.0697778
92.7,3203.46,80.7702,154261,738.881,1.17551,0.0697778
92.8,3210.91,80.1542,154260,739.678,1.17598,0.0697778
92.9,3218.31,79.5384,154260,740.475,1.17637,0.0697778
93,3225.66,78.9226,154259,741.272,1.1767,0.0697778
93.1,3232.94,78.3069,154258,742.069,1.17695,0.0697778
93.2,3240.17,77.6914,154257,742.866,1.17713,0.0697778
93.3,3247.35,77.076,154256,743.663,1.17724,0.0697778
93.4,3254.47,76.4608,154256,744.46,1.17727,0.0697778
93.5,3261.53,75.8459,154255,745.257,1.17722,0.0697778
93.6,3268.53,75.2311,154254,746.054,1.1771,0.0697778
93.7,3275.48,74.6167,154253,746.851,1.17689,0.0697778
93.8,3282.37,74.0025,154252,747.649,1.17661,0.0697778
93.9,3289.2,73.3886,154252,748.446,1.17624,0.0697778
94,3295.98,72.7752,154251,749.243,1.17578,0.0697778
94.1,3302.7,72.162,154250,750.04,1.17524,0.0697778
94.2,3309.35,71.5493,154249,750.837,1.17461,0.0697778
94.3,3315.96,70.9371,154248,751.634,1.1739,0.0697778
94.4,3322.5,70.3253,154248,752.431,1.17309,0.0697778
94.5,3328.98,69.714,154247,753.228,1.17218,0.0697778
94.6,3335.41,69.1033,154246,754.025,1.17118,0.0697778
94.7,3341.77,68.4932,154245,754.822,1.17009,0.0697778
94.8,3348.08,67.8836,154244,755.619,1.16889,0.0697778
94.9,3354.33,67.2747,154244,756.416,1.16759,0.0697778
95,3360.51,66.6666,154243,757.213,1.16619,0.0697778
95.1,3366.64,66.0591,154242,758.01,1.16467,0.0697778
95.2,3372.71,65.4524,154241,758.807,1.16305,0.0697778
95.3,3378.72,64.8465,154240,759.605,1.16132,0.0697778
95.4,3384.67,64.2415,154240,760.402,1.15947,0.0697778
95.5,3390.56,63.6374,154239,761.199,1.15751,0.0697778
95.6,3396.38,63.0343,154238,761.996,1.15542,0.0697778
95.7,3402.15,62.4321,154237,762.793,1.15321,0.0697778
95.8,3407.86,61.831,154236,763.59,1.15088,0.0697778
95.9,3413.5,61.231,154236,764.387,1.14841,0.0697778
96,3419.09,60.6322,154235,765.184,1.14581,0.0697778
96.1,3424.61,60.0345,154234,765.981,1.14307,0.0697778
96.2,3430.08,59.4382,154233,766.778,1.14019,0.0697778
96.3,3435.48,58.8432,154232,767.575,1.13717,0.0697778
96.4,3440.82,58.2496,154232,768.372,1.134,0.0697778
96.5,3446.1,57.6574,154231,769.169,1.13067,0.0697778
96.6,3451.31,57.0668,154230,769.966,1.12719,0.0697778
96.7,3456.47,56.4779,154229,770.763,1.12355,0.0697778
96.8,3461.56,55.8906,154228,771.561,1.11973,0.0697778
96.9,3466.59,55.3051,154228,772.358,1.11575,0.0697778
97,3471.56,54.7214,154227,773.155,1.11159,0.0697778
97.1,3476.46,54.1397,154226,773.952,1.10725,0.0697778
97.2,3481.3,53.56,154225,774.749,1.10272,0.0697778
97.3,3486.08,52.9825,154224,775.546,1.098,0.0697778
97.4,3490.8,52.4072,154224,776.343,1.09308,0.0697778
97.5,3495.45,51.8343,154223,777.14,1.08795,0.0697778
97.6,3500.05,51.2638,154222,777.937,1.08261,0.0697778
97.7,3504.57,50.6959,154221,778.734,1.07706,0.0697778
97.8,3509.04,50.1307,154220,779.531,1.07128,0.0697778
97.9,3513.44,49.5683,154220,780.328,1.06526,0.0697778
98,3517.77,49.0089,154219,781.125,1.05901,0.0697778
98.1,3522.05,48.4526,154218,781.922,1.0525,0.0697778
98.2,3526.26,47.8996,154217,782.719,1.04574,0.0697778
98.3,3530.4,47.35,154216,783.517,1.03872,0.0697778
98.4,3534.48,46.804,154216,784.314,1.03143,0.0697778
98.5,3538.5,46.2618,154215,785.111,1.02385,0.0697778
98.6,3542.45,45.7235,154214,785.908,1.01598,0.0697778
98.7,3546.34,45.1894,154213,786.705,1.00781,0.0697778
98.8,3550.16,44.6596,154212,787.502,0.99933,0.0697778
98.9,3553.91,44.1344,154212,788.299,0.990529,0.0697778
99,3557.6,43.614,154211,789.096,0.981397,0.0697778
99.1,3561.23,43.0987,154210,789.893,0.971922,0.0697778
99.2,3564.79,42.5886,154209,790.69,0.962094,0.0697778
99.3,3568.28,42.0842,154209,791.487,0.951901,0.0697778
99.4,3571.71,41.5856,154208,792.284,0.941332,0.0697778
99.5,3575.07,41.0931,154207,793.081,0.930375,0.0697778
99.6,3578.37,40.6071,154206,793.878,0.919017,0.0697778
99.7,3581.6,40.1279,154205,794.675,0.907247,0.0697778
99.8,3584.76,39.6559,154205,795.473,0.895051,0.0697778
99.9,3587.85,39.1914,154204,796.27,0.882418,0.0697778
100,3590.88,38.7347,154203,797.067,0.869335,0.0697778
100.1,3593.84,38.2864,154202,797.864,0.855789,0.0697778
100.2,3596.73,37.8468,154201,798.661,0.841767,0.0697778
100.3,3599.55,37.4163,154201,799.458,0.827258,0.0697778
100.4,3602.31,36.9955,154200,800.255,0.81225,0.0697778
100.5,3604.99,36.5848,154199,801.052,0.79673,0.0697778
100.6,3607.61,36.1847,154198,801.849,0.780687,0.0697778
100.7,3610.15,35.7958,154197,802.646,0.764112,0.0697778
100.8,3612.63,35.4186,154197,803.443,0.746993,0.0697778
100.9,3615.04,35.0537,154196,804.24,0.729323,0.0697778
101,3617.37,34.7016,154195,805.037,0.711092,0.0697778
101.1,3619.64,34.3631,154194,805.834,0.692296,0.0697778
101.2,3621.83,34.0387,154193,806.631,0.672928,0.0697778
101.3,3623.95,33.729,154193,807.429,0.652985,0.0697778
101.4,3626,33.4349,154192,808.226,0.632466,0.0697778
101.5,3627.98,33.1569,154191,809.023,0.611371,0.0697778
101.6,3629.88,32.8958,154190,809.82,0.589703,0.0697778
101.7,3631.71,32.6522,154189,810.617,0.567467,0.0697778
101.8,3633.47,32.427,154189,811.414,0.544671,0.0697778
101.9,3635.15,32.2207,154188,812.211,0.521326,0.0697778
102,3636.75,32.0342,154187,813.008,0.497446,0.0697778
102.1,3638.28,31.8683,154186,813.805,0.473049,0.0697778
102.2,3639.73,31.7234,154185,814.602,0.448155,0.0697778
102.3,3641.11,31.6005,154185,815.399,0.422788,0.0697778
102.4,3642.4,31.5002,154184,816.196,0.396976,0.0697778
102.5,3643.62,31.4231,154183,816.993,0.37075,0.0697778
102.6,3644.76,31.3699,154182,817.79,0.344143,0.0697778
102.7,3645.82,31.3412,154181,818.587,0.317194,0.0697778
102.8,3646.79,31.3374,154181,819.385,0.289943,0.0697778
102.9,3647.69,31.3592,154180,820.182,0.262433,0.0697778
103,3648.5,31.4069,154179,820.979,0.234709,0.0697778
103.1,3649.23,31.481,154178,821.776,0.20682,0.0697778
103.2,3649.88,31.5818,154177,822.573,0.178815,0.0697778
103.3,3650.44,31.7095,154177,823.37,0.150744,0.0697778
103.4,3650.92,31.8643,154176,824.167,0.122659,0.0697778
103.5,3651.31,32.0465,154175,824.964,0.0946093,0.0697778
103.6,3651.61,32.256,154174,825.761,0.0666472,0.0697778
103.7,3651.83,32.4927,154173,826.558,0.0388222,0.0697778
103.8,3651.95,32.7568,154173,827.355,0.011183,0.0697778
103.9,3651.99,33.0478,154172,828.152,-0.0162239,0.0697778
104,3651.93,33.3658,154171,828.949,-0.0433539,0.0697778
104.1,3651.79,33.7102,154170,829.746,-0.070165,0.0697778
104.2,3651.55,34.0809,154169,830.543,-0.0966184,0.0697778
104.3,3651.23,34.4774,154169,831.341,-0.122678,0.0697778
104.4,3650.8,34.8993,154168,832.138,-0.148311,0.0697778
104.5,3650.29,35.346,154167,832.935,-0.173489,0.0697778
104.6,3649.68,35.817,154166,833.732,-0.198185,0.0697778
104.7,3648.97,36.3118,154165,834.529,-0.222377,0.0697778
104.8,3648.17,36.8297,154165,835.326,-0.246046,0.0697778
104.9,3647.27,37.3701,154164,836.123,-0.269177,0.0697778
105,3646.28,37.9323,154163,836.92,-0.291756,0.0697778
105.1,3645.19,38.5158,154162,837.717,-0.313774,0.0697778
105.2,3644,39.1197,154161,838.514,-0.335224,0.0697778
105.3,3642.71,39.7435,154161,839.311,-0.356102,0.0697778
105.4,3641.33,40.3865,154160,840.108,-0.376406,0.0697778
105.5,3639.84,41.048,154159,840.905,-0.396137,0.0697778
105.6,3638.26,41.7272,154158,841.702,-0.415295,0.0697778
105.7,3636.58,42.4237,154158,842.499,-0.433885,0.0697778
105.8,3634.79,43.1366,154157,843.297,-0.451913,0.0697778
105.9,3632.91,43.8653,154156,844.094,-0.469385,0.0697778
106,3630.92,44.6093,154155,844.891,-0.48631,0.0697778
106.1,3628.84,45.3679,154154,845.688,-0.502694,0.0697778
106.2,3626.65,46.1405,154154,846.485,-0.518549,0.0697778
106.3,3624.37,46.9265,154153,847.282,-0.533885,0.0697778
106.4,3621.98,47.7253,154152,848.079,-0.548712,0.0697778
106.5,3619.49,48.5365,154151,848.876,-0.563041,0.0697778
106.6,3616.9,49.3594,154150,849.673,-0.576884,0.0697778
106.7,3614.21,50.1936,154150,850.47,-0.590253,0.0697778
106.8,3611.41,51.0385,154149,851.267,-0.603159,0.0697778
106.9,3608.52,51.8938,154148,852.064,-0.615614,0.0697778
107,3605.52,52.7588,154147,852.861,-0.627629,0.0697778
107.1,3602.42,53.6333,154146,853.658,-0.639217,0.0697778
107.2,3599.22,54.5167,154146,854.455,-0.650389,0.0697778
107.3,3595.92,55.4086,154145,855.253,-0.661157,0.0697778
107.4,3592.52,56.3087,154144,856.05,-0.671531,0.0697778
107.5,3589.02,57.2166,154143,856.847,-0.681522,0.0697778
107.6,3585.41,58.1319,154142,857.644,-0.691142,0.0697778
107.7,3581.71,59.0543,154142,858.441,-0.700401,0.0697778
107.8,3577.9,59.9834,154141,859.238,-0.709309,0.0697778
107.9,3573.99,60.9189,154140,860.035,-0.717876,0.0697778
108,3569.99,61.8606,154139,860.832,-0.726112,0.0697778
108.1,3565.88,62.808,154138,861.629,-0.734026,0.0697778
108.2,3561.67,63.761,154138,862.426,-0.741627,0.0697778
108.3,3557.37,64.7192,154137,863.223,-0.748923,0.0697778
108.4,3552.96,65.6824,154136,864.02,-0.755925,0.0697778
108.5,3548.45,66.6504,154135,864.817,-0.762639,0.0697778
108.6,3543.85,67.6228,154134,865.614,-0.769073,0.0697778
108.7,3539.15,68.5995,154134,866.411,-0.775236,0.0697778
108.8,3534.35,69.5802,154133,867.209,-0.781134,0.0697778
108.9,3529.45,70.5648,154132,868.006,-0.786775,0.0697778
109,3524.45,71.553,154131,868.803,-0.792166,0.0697778
109.1,3519.36,72.5446,154130,869.6,-0.797312,0.0697778
109.2,3514.17,73.5394,154130,870.397,-0.802222,0.0697778
109.3,3508.88,74.5372,154129,871.194,-0.8069,0.0697778
109.4,3503.5,75.5379,154128,871.991,-0.811352,0.0697778
109.5,3498.02,76.5413,154127,872.788,-0.815585,0.0697778
109.6,3492.44,77.5471,154126,873.585,-0.819603,0.0697778
109.7,3486.78,78.5554,154126,874.382,-0.823412,0.0697778
109.8,3481.02,79.5658,154125,875.179,-0.827017,0.0697778
109.9,3475.16,80.5782,154124,875.976,-0.830423,0.0697778
110,3469.21,81.5926,154123,876.773,-0.833635,0.0697778
110.1,3463.17,82.6087,154122,877.57,-0.836656,0.0697778
110.2,3457.04,83.6264,154122,878.367,-0.839492,0.0697778
110.3,3450.81,84.6456,154121,879.165,-0.842147,0.0697778
110.4,3444.5,85.6662,154120,879.962,-0.844624,0.0697778
110.5,3438.09,86.6879,154119,880.759,-0.846927,0.0697778
110.6,3431.6,87.7108,154118,881.556,-0.84906,0.0697778
110.7,3425.01,88.7347,154118,882.353,-0.851027,0.0697778
110.8,3418.34,89.7594,154117,883.15,-0.852831,0.0697778
110.9,3411.58,90.7848,154116,883.947,-0.854476,0.0697778
111,3404.73,91.811,154115,884.744,-0.855964,0.0697778
111.1,3397.8,92.8376,154114,885.541,-0.857299,0.0697778
111.2,3390.78,93.8646,154114,886.338,-0.858484,0.0697778
111.3,3383.68,94.892,154113,887.135,-0.859521,0.0697778
111.4,3376.49,95.9196,154112,887.932,-0.860414,0.0697778
111.5,3369.22,96.9473,154111,888.729,-0.861164,0.0697778
111.6,3361.86,97.9751,154110,889.526,-0.861775,0.0697778
111.7,3354.43,99.0028,154110,890.323,-0.862248,0.0697778
111.8,3346.91,100.03,154109,891.121,-0.862587,0.0697778
111.9,3339.31,101.058,154108,891.918,-0.862794,0.0697778
112,3331.63,102.084,154107,892.715,-0.86287,0.0697778
112.1,3323.88,103.111,154106,893.512,-0.862819,0.0697778
112.2,3316.05,104.137,154106,894.309,-0.862641,0.0697778
112.3,3308.14,105.162,154105,895.106,-0.86234,0.0697778
112.4,3300.15,106.187,154104,895.903,-0.861916,0.0697778
112.5,3292.09,107.211,154103,896.7,-0.861372,0.0697778
112.6,3283.95,108.234,154103,897.497,-0.86071,0.0697778
112.7,3275.75,109.256,154102,898.294,-0.85993,0.0697778
112.8,3267.47,110.277,154101,899.091,-0.859036,0.0697778
112.9,3259.12,111.297,154100,899.888,-0.858029,0.0697778
113,3250.7,112.316,154099,900.685,-0.856909,0.0697778
113.1,3242.21,113.333,154099,901.482,-0.85568,0.0697778
113.2,3233.65,114.349,154098,902.279,-0.854341,0.0697778
113.3,3225.03,115.364,154097,903.077,-0.852895,0.0697778
113.4,3216.34,116.378,154096,903.874,-0.851343,0.0697778
113.5,3207.59,117.389,154095,904.671,-0.849686,0.0697778
113.6,3198.77,118.399,154095,905.468,-0.847926,0.0697778
113.7,3189.89,119.408,154094,906.265,-0.846063,0.0697778
113.8,3180.95,120.414,154093,907.062,-0.8441,0.0697778
113.9,3171.95,121.419,154092,907.859,-0.842036,0.0697778
114,3162.89,122.422,154091,908.656,-0.839874,0.0697778
114.1,3153.78,123.423,154091,909.453,-0.837615,0.0697778
114.2,3144.61,124.422,154090,910.25,-0.835259,0.0697778
114.3,3135.38,125.418,154089,911.047,-0.832807,0.0697778
114.4,3126.1,126.413,154088,911.844,-0.830261,0.0697778
114.5,3116.77,127.405,154087,912.641,-0.827622,0.0697778
114.6,3107.39,128.395,154087,913.438,-0.82489,0.0697778
114.7,3097.96,129.382,154086,914.235,-0.822066,0.0697778
114.8,3088.48,130.367,154085,915.033,-0.819152,0.0697778
114.9,3078.96,131.349,154084,915.83,-0.816148,0.0697778
115,3069.39,132.329,154083,916.627,-0.813056,0.0697778
115.1,3059.78,133.305,154083,917.424,-0.809875,0.0697778
115.2,3050.12,134.28,154082,918.221,-0.806607,0.0697778
115.3,3040.43,135.251,154081,919.018,-0.803252,0.0697778
115.4,3030.7,136.219,154080,919.815,-0.799812,0.0697778
115.5,3020.93,137.184,154079,920.612,-0.796287,0.0697778
115.6,3011.12,138.147,154079,921.409,-0.792678,0.0697778
115.7,3001.28,139.106,154078,922.206,-0.788986,0.0697778
115.8,2991.41,140.062,154077,923.003,-0.78521,0.0697778
115.9,2981.51,141.015,154076,923.8,-0.781353,0.0697778
116,2971.58,141.964,154075,924.597,-0.777415,0.0697778
116.1,2961.62,142.91,154075,925.394,-0.773395,0.0697778
116.2,2951.64,143.852,154074,926.191,-0.769296,0.0697778
116.3,2941.63,144.791,154073,926.989,-0.765117,0.0697778
116.4,2931.6,145.726,154072,927.786,-0.76086,0.0697778
116.5,2921.55,146.658,154071,928.583,-0.756525,0.0697778
116.6,2911.49,147.585,154071,929.38,-0.752112,0.0697778
116.7,2901.4,148.509,154070,930.177,-0.747622,0.0697778
116.8,2891.31,149.429,154069,930.974,-0.743056,0.0697778
116.9,2881.2,150.345,154068,931.771,-0.738414,0.0697778
117,2871.08,151.257,154067,932.568,-0.733697,0.0697778
117.1,2860.95,152.165,154067,933.365,-0.728905,0.0697778
117.2,2850.81,153.069,154066,934.162,-0.724039,0.0697778
117.3,2840.67,153.968,154065,934.959,-0.7191,0.0697778
117.4,2830.53,154.863,154064,935.756,-0.714088,0.0697778
117.5,2820.39,155.754,154063,936.553,-0.709004,0.0697778
117.6,2810.25,156.64,154063,937.35,-0.703847,0.0697778
117.7,2800.11,157.521,154062,938.147,-0.698619,0.0697778
117.8,2789.98,158.398,154061,938.945,-0.693321,0.0697778
117.9,2779.86,159.27,154060,939.742,-0.687952,0.0697778
118,2769.74,160.138,154059,940.539,-0.682513,0.0697778
118.1,2759.64,161,154059,941.336,-0.677005,0.0697778
118.2,2749.56,161.858,154058,942.133,-0.671428,0.0697778
118.3,2739.49,162.711,154057,942.93,-0.665783,0.0697778
118.4,2729.44,163.558,154056,943.727,-0.66007,0.0697778
118.5,2719.41,164.401,154055,944.524,-0.65429,0.0697778
118.6,2709.4,165.238,154055,945.321,-0.648443,0.0697778
118.7,2699.42,166.07,154054,946.118,-0.64253,0.0697778
118.8,2689.47,166.897,154053,946.915,-0.63655,0.0697778
118.9,2679.55,167.718,154052,947.712,-0.630506,0.0697778
119,2669.66,168.533,154051,948.509,-0.624397,0.0697778
119.1,2659.81,169.344,154051,949.306,-0.618223,0.0697778
119.2,2650,170.148,154050,950.103,-0.611985,0.0697778
119.3,2640.22,170.947,154049,950.901,-0.605684,0.0697778
119.4,2630.49,171.74,154048,951.698,-0.59932,0.0697778
119.5,2620.8,172.527,154048,952.495,-0.592894,0.0697778
119.6,2611.16,173.308,154047,953.292,-0.586405,0.0697778
119.7,2601.57,174.083,154046,954.089,-0.579856,0.0697778
119.8,2592.03,174.852,154045,954.886,-0.573245,0.0697778
119.9,2582.55,175.615,154044,955.683,-0.566574,0.0697778
120,2573.12,176.372,154044,956.48,-0.559843,0.0697778
120.1,2563.76,177.122,154043,957.277,-0.553052,0.0697778
120.2,2554.45,177.866,154042,958.074,-0.546203,0.0697778
120.3,2545.21,178.604,154041,958.871,-0.539294,0.0697778
120.4,2536.04,179.335,154040,959.668,-0.532328,0.0697778
120.5,2526.94,180.059,154040,960.465,-0.525305,0.0697778
120.6,2517.91,180.777,154039,961.262,-0.518224,0.0697778
120.7,2508.96,181.488,154038,962.059,-0.511087,0.0697778
120.8,2500.08,182.192,154037,962.857,-0.503894,0.0697778
120.9,2491.28,182.89,154036,963.654,-0.496646,0.0697778
121,2482.57,183.58,154036,964.451,-0.489343,0.0697778
121.1,2473.94,184.264,154035,965.248,-0.481985,0.0697778
121.2,2465.4,184.94,154034,966.045,-0.474573,0.0697778
121.3,2456.95,185.609,154033,966.842,-0.467108,0.0697778
121.4,2448.59,186.272,154032,967.639,-0.45959,0.0697778
121.5,2440.33,186.926,154032,968.436,-0.45202,0.0697778
121.6,2432.16,187.574,154031,969.233,-0.444398,0.0697778
121.7,2424.1,188.214,154030,970.03,-0.436725,0.0697778
121.8,2416.14,188.846,154029,970.827,-0.429001,0.0697778
121.9,2408.28,189.472,154028,971.624,-0.421227,0.0697778
122,2400.53,190.089,154028,972.421,-0.413403,0.0697778
122.1,2392.9,190.699,154027,973.218,-0.405531,0.0697778
122.2,2385.37,191.301,154026,974.015,-0.39761,0.0697778
122.3,2377.97,191.895,154025,974.813,-0.389641,0.0697778
122.4,2370.68,192.482,154024,975.61,-0.381625,0.0697778
122.5,2363.51,193.06,154024,976.407,-0.373561,0.0697778
122.6,2356.46,193.631,154023,977.204,-0.365452,0.0697778
122.7,2349.54,194.193,154022,978.001,-0.357298,0.0697778
122.8,2342.75,194.748,154021,978.798,-0.349098,0.0697778
122.9,2336.09,195.294,154020,979.595,-0.340854,0.0697778
123,2329.56,195.832,154020,980.392,-0.332566,0.0697778
123.1,2323.17,196.362,154019,981.189,-0.324234,0.0697778
123.2,2316.91,196.884,154018,981.986,-0.315861,0.0697778
123.3,2310.8,197.397,154017,982.783,-0.307445,0.0697778
123.4,2304.82,197.902,154016,983.58,-0.298988,0.0697778
123.5,2298.99,198.398,154016,984.377,-0.29049,0.0697778
123.6,2293.31,198.886,154015,985.174,-0.281952,0.0697778
123.7,2287.78,199.365,154014,985.971,-0.273374,0.0697778
123.8,2282.39,199.836,154013,986.769,-0.264758,0.0697778
123.9,2277.17,200.297,154012,987.566,-0.256103,0.0697778
124,2272.09,200.751,154012,988.363,-0.247411,0.0697778
124.1,2267.18,201.195,154011,989.16,-0.238682,0.0697778
124.2,2262.42,201.631,154010,989.957,-0.229917,0.0697778
124.3,2257.82,202.057,154009,990.754,-0.221115,0.0697778
124.4,2253.39,202.475,154008,991.551,-0.212279,0.0697778
124.5,2249.13,202.884,154008,992.348,-0.203409,0.0697778
124.6,2245.03,203.284,154007,993.145,-0.194505,0.0697778
124.7,2241.1,203.675,154006,993.942,-0.185568,0.0697778
124.8,2237.34,204.057,154005,994.739,-0.176599,0.0697778
124.9,2233.76,204.43,154004,995.536,-0.167598,0.0697778
125,2230.35,204.794,154004,996.333,-0.158566,0.0697778
125.1,2227.11,205.148,154003,997.13,-0.149503,0.0697778
125.2,2224.06,205.494,154002,997.927,-0.140412,0.0697778
125.3,2221.18,205.83,154001,998.725,-0.131291,0.0697778
125.4,2218.49,206.157,154000,999.522,-0.122142,0.0697778
125.5,2215.97,206.474,154000,1000.32,-0.112965,0.0697778
125.6,2213.65,206.783,153999,1001.12,-0.103762,0.0697778
125.7,2211.5,207.082,153998,1001.91,-0.0945325,0.0697778
125.8,2209.55,207.372,153997,1002.71,-0.0852776,0.0697778
125.9,2207.78,207.652,153996,1003.51,-0.075998,0.0697778
126,2206.21,207.923,153996,1004.3,-0.0666943,0.0697778
126.1,2204.82,208.184,153995,1005.1,-0.0573674,0.0697778
126.2,2203.63,208.437,153994,1005.9,-0.0480178,0.0697778
126.3,2202.63,208.679,153993,1006.7,-0.0386463,0.0697778
126.4,2201.82,208.913,153993,1007.49,-0.0292536,0.0697778
126.5,2201.21,209.136,153992,1008.29,-0.0198405,0.0697778
126.6,2200.8,209.351,153991,1009.09,-0.0104075,0.0697778
126.7,2200.58,209.556,153990,1009.88,-0.000955543,0.0697778
126.8,2200.56,209.751,153989,1010.68,0.00851479,0.0697778
126.9,2200.74,209.937,153989,1011.48,0.0180028,0.0697778
127,2201.11,210.113,153988,1012.27,0.0275076,0.0697778
127.1,2201.69,210.28,153987,1013.07,0.0370287,0.0697778
127.2,2202.47,210.437,153986,1013.87,0.0465653,0.0697778
127.3,2203.45,210.585,153985,1014.67,0.0561167,0.0697778
127.4,2204.63,210.723,153985,1015.46,0.0656821,0.0697778
127.5,2206.01,210.852,153984,1016.26,0.0752609,0.0697778
127.6,2207.6,210.972,153983,1017.06,0.0848523,0.0697778
127.7,2209.39,211.082,153982,1017.85,0.0944557,0.0697778
127.8,2211.38,211.182,153981,1018.65,0.10407,0.0697778
127.9,2213.57,211.273,153981,1019.45,0.113696,0.0697778
128,2215.97,211.354,153980,1020.25,0.123331,0.0697778
128.1,2218.57,211.426,153979,1021.04,0.132975,0.0697778
128.2,2221.37,211.489,153978,1021.84,0.142627,0.0697778
128.3,2224.38,211.542,153977,1022.64,0.152287,0.0697778
128.4,2227.59,211.586,153977,1023.43,0.161955,0.0697778
128.5,2231,211.62,153976,1024.23,0.171629,0.0697778
128.6,2234.61,211.645,153975,1025.03,0.181308,0.0697778
128.7,2238.43,211.661,153974,1025.82,0.190992,0.0697778
128.8,2242.45,211.667,153973,1026.62,0.200681,0.0697778
128.9,2246.67,211.665,153973,1027.42,0.210373,0.0697778
129,2251.09,211.652,153972,1028.22,0.220068,0.0697778
129.1,2255.71,211.631,153971,1029.01,0.229766,0.0697778
129.2,2260.53,211.601,153970,1029.81,0.239465,0.0697778
129.3,2265.55,211.561,153969,1030.61,0.249165,0.0697778
129.4,2270.76,211.512,153969,1031.4,0.258866,0.0697778
129.5,2276.18,211.454,153968,1032.2,0.268566,0.0697778
129.6,2281.79,211.387,153967,1033,0.278265,0.0697778
129.7,2287.59,211.311,153966,1033.8,0.287963,0.0697778
129.8,2293.6,211.226,153965,1034.59,0.297658,0.0697778
129.9,2299.79,211.132,153965,1035.39,0.307351,0.0697778
130,2306.18,211.029,153964,1036.19,0.31704,0.0697778
130.1,2312.76,210.917,153963,1036.98,0.326725,0.0697778
130.2,2319.53,210.797,153962,1037.78,0.336405,0.0697778
130.3,2326.49,210.667,153961,1038.58,0.34608,0.0697778
130.4,2333.63,210.529,153961,1039.37,0.355749,0.0697778
130.5,2340.96,210.383,153960,1040.17,0.365412,0.0697778
130.6,2348.48,210.227,153959,1040.97,0.375068,0.0697778
130.7,2356.18,210.063,153958,1041.77,0.384715,0.0697778
130.8,2364.07,209.891,153957,1042.56,0.394355,0.0697778
130.9,2372.13,209.71,153957,1043.36,0.403986,0.0697778
131,2380.37,209.52,153956,1044.16,0.413608,0.0697778
131.1,2388.79,209.322,153955,1044.95,0.42322,0.0697778
131.2,2397.39,209.116,153954,1045.75,0.432822,0.0697778
131.3,2406.16,208.902,153953,1046.55,0.442412,0.0697778
131.4,2415.11,208.679,153953,1047.35,0.451991,0.0697778
131.5,2424.22,208.449,153952,1048.14,0.461559,0.0697778
131.6,2433.5,208.21,153951,1048.94,0.471114,0.0697778
131.7,2442.95,207.963,153950,1049.74,0.480656,0.0697778
131.8,2452.57,207.708,153949,1050.53,0.490184,0.0697778
131.9,2462.35,207.445,153949,1051.33,0.499699,0.0697778
132,2472.29,207.175,153948,1052.13,0.509199,0.0697778
132.1,2482.39,206.897,153947,1052.93,0.518685,0.0697778
132.2,2492.64,206.611,153946,1053.72,0.528155,0.0697778
132.3,2503.06,206.317,153945,1054.52,0.53761,0.0697778
132.4,2513.62,206.016,153945,1055.32,0.547048,0.0697778
132.5,2524.34,205.707,153944,1056.11,0.55647,0.0697778
132.6,2535.2,205.391,153943,1056.91,0.565875,0.0697778
132.7,2546.21,205.067,153942,1057.71,0.575263,0.0697778
132.8,2557.37,204.736,153941,1058.5,0.584633,0.0697778
132.9,2568.67,204.398,153941,1059.3,0.593985,0.0697778
133,2580.11,204.052,153940,1060.1,0.603318,0.0697778
133.1,2591.69,203.7,153939,1060.9,0.612632,0.0697778
133.2,2603.4,203.341,153938,1061.69,0.621928,0.0697778
133.3,2615.25,202.974,153938,1062.49,0.631203,0.0697778
133.4,2627.23,202.601,153937,1063.29,0.640459,0.0697778
133.5,2639.33,202.221,153936,1064.08,0.649695,0.0697778
133.6,2651.57,201.834,153935,1064.88,0.65891,0.0697778
133.7,2663.92,201.44,153934,1065.68,0.668104,0.0697778
133.8,2676.4,201.04,153934,1066.48,0.677277,0.0697778
133.9,2689,200.633,153933,1067.27,0.686429,0.0697778
134,2701.72,200.22,153932,1068.07,0.695558,0.0697778
134.1,2714.55,199.801,153931,1068.87,0.704666,0.0697778
134.2,2727.49,199.375,153930,1069.66,0.713752,0.0697778
134.3,2740.54,198.943,153930,1070.46,0.722815,0.0697778
134.4,2753.7,198.504,153929,1071.26,0.731856,0.0697778
134.5,2766.97,198.06,153928,1072.05,0.740874,0.0697778
134.6,2780.33,197.61,153927,1072.85,0.749868,0.0697778
134.7,2793.8,197.153,153926,1073.65,0.758839,0.0697778
134.8,2807.37,196.691,153926,1074.45,0.767787,0.0697778
134.9,2821.03,196.223,153925,1075.24,0.776711,0.0697778
135,2834.78,195.75,153924,1076.04,0.78561,0.0697778
135.1,2848.63,195.271,153923,1076.84,0.794486,0.0697778
135.2,2862.56,194.786,153922,1077.63,0.803338,0.0697778
135.3,2876.58,194.295,153922,1078.43,0.812165,0.0697778
135.4,2890.68,193.8,153921,1079.23,0.820968,0.0697778
135.5,2904.86,193.299,153920,1080.03,0.829746,0.0697778
135.6,2919.12,192.792,153919,1080.82,0.838499,0.0697778
135.7,2933.46,192.281,153918,1081.62,0.847228,0.0697778
135.8,2947.87,191.764,153918,1082.42,0.855931,0.0697778
135.9,2962.35,191.243,153917,1083.21,0.86461,0.0697778
136,2976.9,190.716,153916,1084.01,0.873263,0.0697778
136.1,2991.52,190.185,153915,1084.81,0.881891,0.0697778
136.2,3006.2,189.649,153914,1085.6,0.890494,0.0697778
136.3,3020.94,189.108,153914,1086.4,0.899071,0.0697778
136.4,3035.75,188.562,153913,1087.2,0.907623,0.0697778
136.5,3050.61,188.012,153912,1088,0.91615,0.0697778
136.6,3065.52,187.457,153911,1088.79,0.924651,0.0697778
136.7,3080.49,186.898,153910,1089.59,0.933127,0.0697778
136.8,3095.5,186.334,153910,1090.39,0.941578,0.0697778
136.9,3110.57,185.766,153909,1091.18,0.950003,0.0697778
137,3125.68,185.194,153908,1091.98,0.958402,0.0697778
137.1,3140.83,184.618,153907,1092.78,0.966776,0.0697778
137.2,3156.03,184.037,153906,1093.58,0.975125,0.0697778
137.3,3171.26,183.453,153906,1094.37,0.983449,0.0697778
137.4,3186.53,182.865,153905,1095.17,0.991747,0.0697778
137.5,3201.84,182.273,153904,1095.97,1.00002,0.0697778
137.6,3217.18,181.677,153903,1096.76,1.00827,0.0697778
137.7,3232.55,181.077,153902,1097.56,1.01649,0.0697778
137.8,3247.94,180.473,153902,1098.36,1.02469,0.0697778
137.9,3263.36,179.866,153901,1099.15,1.03286,0.0697778
138,3278.81,179.256,153900,1099.95,1.04101,0.0697778
138.1,3294.28,178.642,153899,1100.75,1.04913,0.0697778
138.2,3309.77,178.025,153898,1101.55,1.05723,0.0697778
138.3,3325.27,177.404,153898,1102.34,1.06531,0.0697778
138.4,3340.79,176.78,153897,1103.14,1.07336,0.0697778
138.5,3356.33,176.153,153896,1103.94,1.08138,0.0697778
138.6,3371.88,175.523,153895,1104.73,1.08939,0.0697778
138.7,3387.43,174.89,153894,1105.53,1.09737,0.0697778
138.8,3403,174.253,153894,1106.33,1.10532,0.0697778
138.9,3418.57,173.614,153893,1107.13,1.11325,0.0697778
139,3434.15,172.972,153892,1107.92,1.12116,0.0697778
139.1,3449.73,172.327,153891,1108.72,1.12905,0.0697778
139.2,3465.3,171.68,153890,1109.52,1.13691,0.0697778
139.3,3480.88,171.029,153890,1110.31,1.14475,0.0697778
139.4,3496.45,170.376,153889,1111.11,1.15257,0.0697778
139.5,3512.02,169.721,153888,1111.91,1.16036,0.0697778
139.6,3527.59,169.063,153887,1112.71,1.16814,0.0697778
139.7,3543.14,168.403,153886,1113.5,1.17589,0.0697778
139.8,3558.68,167.74,153886,1114.3,1.18362,0.0697778
139.9,3574.22,167.075,153885,1115.1,1.19133,0.0697778
140,3589.74,166.408,153884,1115.89,1.19902,0.0697778
140.1,3605.24,165.739,153883,1116.69,1.20668,0.0697778
140.2,3620.73,165.067,153883,1117.49,1.21433,0.0697778
140.3,3636.2,164.393,153882,1118.28,1.22196,0.0697778
140.4,3651.65,163.718,153881,1119.08,1.22957,0.0697778
140.5,3667.07,163.04,153880,1119.88,1.23716,0.0697778
140.6,3682.48,162.361,153879,1120.68,1.24473,0.0697778
140.7,3697.86,161.68,153879,1121.47,1.25228,0.0697778
140.8,3713.21,160.997,153878,1122.27,1.25981,0.0697778
140.9,3728.54,160.312,153877,1123.07,1.26732,0.0697778
141,3743.84,159.625,153876,1123.86,1.27482,0.0697778
141.1,3759.11,158.937,153875,1124.66,1.2823,0.0697778
141.2,3774.35,158.248,153875,1125.46,1.28976,0.0697778
141.3,3789.55,157.557,153874,1126.26,1.29721,0.0697778
141.4,3804.72,156.864,153873,1127.05,1.30464,0.0697778
141.5,3819.85,156.17,153872,1127.85,1.31206,0.0697778
141.6,3834.95,155.475,153871,1128.65,1.31946,0.0697778
141.7,3850.01,154.778,153871,1129.44,1.32684,0.0697778
141.8,3865.03,154.08,153870,1130.24,1.33421,0.0697778
141.9,3880.01,153.381,153869,1131.04,1.34157,0.0697778
142,3894.94,152.681,153868,1131.83,1.34891,0.0697778
142.1,3909.84,151.98,153867,1132.63,1.35624,0.0697778
142.2,3924.69,151.278,153867,1133.43,1.36356,0.0697778
142.3,3939.49,150.575,153866,1134.23,1.37086,0.0697778
142.4,3954.25,149.871,153865,1135.02,1.37816,0.0697778
142.5,3968.96,149.166,153864,1135.82,1.38544,0.0697778
142.6,3983.62,148.46,153863,1136.62,1.39271,0.0697778
142.7,3998.23,147.753,153863,1137.41,1.39997,0.0697778
142.8,4012.79,147.046,153862,1138.21,1.40723,0.0697778
142.9,4027.3,146.338,153861,1139.01,1.41447,0.0697778
143,4041.76,145.629,153860,1139.81,1.4217,0.0697778
143.1,4056.16,144.92,153859,1140.6,1.42893,0.0697778
143.2,4070.5,144.21,153859,1141.4,1.43615,0.0697778
143.3,4084.79,143.5,153858,1142.2,1.44336,0.0697778
143.4,4099.03,142.789,153857,1142.99,1.45057,0.0697778
143.5,4113.2,142.078,153856,1143.79,1.45777,0.0697778
143.6,4127.32,141.367,153855,1144.59,1.46497,0.0697778
143.7,4141.38,140.655,153855,1145.38,1.47216,0.0697778
143.8,4155.37,139.943,153854,1146.18,1.47935,0.0697778
143.9,4169.31,139.231,153853,1146.98,1.48654,0.0697778
144,4183.18,138.519,153852,1147.78,1.49372,0.0697778
144.1,4196.99,137.806,153851,1148.57,1.5009,0.0697778
144.2,4210.74,137.094,153851,1149.37,1.50808,0.0697778
144.3,4224.42,136.381,153850,1150.17,1.51526,0.0697778
144.4,4238.04,135.669,153849,1150.96,1.52244,0.0697778
144.5,4251.59,134.957,153848,1151.76,1.52963,0.0697778
144.6,4265.08,134.244,153847,1152.56,1.53681,0.0697778
144.7,4278.49,133.532,153847,1153.36,1.544,0.0697778
144.8,4291.84,132.821,153846,1154.15,1.55119,0.0697778
144.9,4305.12,132.109,153845,1154.95,1.55838,0.0697778
145,4318.33,131.398,153844,1155.75,1.56558,0.0697778
145.1,4331.47,130.687,153843,1156.54,1.57279,0.0697778
145.2,4344.54,129.977,153843,1157.34,1.58,0.0697778
145.3,4357.54,129.267,153842,1158.14,1.58722,0.0697778
145.4,4370.46,128.557,153841,1158.93,1.59445,0.0697778
145.5,4383.31,127.848,153840,1159.73,1.60168,0.0697778
145.6,4396.09,127.14,153839,1160.53,1.60893,0.0697778
145.7,4408.8,126.432,153839,1161.33,1.61619,0.0697778
145.8,4421.43,125.725,153838,1162.12,1.62346,0.0697778
145.9,4433.98,125.019,153837,1162.92,1.63074,0.0697778
146,4446.46,124.314,153836,1163.72,1.63804,0.0697778
146.1,4458.87,123.609,153835,1164.51,1.64535,0.0697778
146.2,4471.19,122.906,153835,1165.31,1.65268,0.0697778
146.3,4483.44,122.203,153834,1166.11,1.66002,0.0697778
146.4,4495.61,121.501,153833,1166.91,1.66738,0.0697778
146.5,4507.71,120.801,153832,1167.7,1.67476,0.0697778
146.6,4519.72,120.101,153832,1168.5,1.68216,0.0697778
146.7,4531.66,119.403,153831,1169.3,1.68959,0.0697778
146.8,4543.51,118.706,153830,1170.09,1.69703,0.0697778
146.9,4555.29,118.01,153829,1170.89,1.7045,0.0697778
147,4566.99,117.315,153828,1171.69,1.71199,0.0697778
147.1,4578.6,116.622,153828,1172.49,1.7195,0.0697778
147.2,4590.13,115.93,153827,1173.28,1.72705,0.0697778
147.3,4601.59,115.24,153826,1174.08,1.73462,0.0697778
147.4,4612.95,114.551,153825,1174.88,1.74222,0.0697778
147.5,4624.24,113.864,153824,1175.67,1.74985,0.0697778
147.6,4635.45,113.178,153824,1176.47,1.75751,0.0697778
147.7,4646.57,112.494,153823,1177.27,1.76521,0.0697778
147.8,4657.6,111.812,153822,1178.06,1.77294,0.0697778
147.9,4668.56,111.132,153821,1178.86,1.7807,0.0697778
148,4679.43,110.453,153820,1179.66,1.78851,0.0697778
148.1,4690.21,109.777,153820,1180.46,1.79635,0.0697778
148.2,4700.91,109.102,153819,1181.25,1.80423,0.0697778
148.3,4711.53,108.43,153818,1182.05,1.81215,0.0697778
148.4,4722.05,107.76,153817,1182.85,1.82011,0.0697778
148.5,4732.5,107.091,153816,1183.64,1.82812,0.0697778
148.6,4742.85,106.426,153816,1184.44,1.83617,0.0697778
148.7,4753.12,105.762,153815,1185.24,1.84427,0.0697778
148.8,4763.31,105.101,153814,1186.04,1.85242,0.0697778
148.9,4773.4,104.443,153813,1186.83,1.86062,0.0697778
149,4783.41,103.787,153812,1187.63,1.86888,0.0697778
149.1,4793.33,103.133,153812,1188.43,1.87718,0.0697778
149.2,4803.17,102.483,153811,1189.22,1.88554,0.0697778
149.3,4812.91,101.835,153810,1190.02,1.89396,0.0697778
149.4,4822.57,101.19,153809,1190.82,1.90243,0.0697778
149.5,4832.13,100.548,153808,1191.61,1.91097,0.0697778
149.6,4841.61,99.9087,153808,1192.41,1.91957,0.0697778
149.7,4851,99.2728,153807,1193.21,1.92823,0.0697778
149.8,4860.3,98.6401,153806,1194.01,1.93696,0.0697778
149.9,4869.51,98.0106,153805,1194.8,1.94575,0.0697778
150,4878.63,97.3846,153804,1195.6,1.95462,0.0697778
